-- MariaDB dump 10.17  Distrib 10.5.5-MariaDB, for Win64 (AMD64)
--
-- Host: localhost    Database: nv
-- ------------------------------------------------------
-- Server version	10.5.5-MariaDB

/*!40101 SET @OLD_CHARACTER_SET_CLIENT=@@CHARACTER_SET_CLIENT */;
/*!40101 SET @OLD_CHARACTER_SET_RESULTS=@@CHARACTER_SET_RESULTS */;
/*!40101 SET @OLD_COLLATION_CONNECTION=@@COLLATION_CONNECTION */;
/*!40101 SET NAMES utf8mb4 */;
/*!40103 SET @OLD_TIME_ZONE=@@TIME_ZONE */;
/*!40103 SET TIME_ZONE='+00:00' */;
/*!40014 SET @OLD_UNIQUE_CHECKS=@@UNIQUE_CHECKS, UNIQUE_CHECKS=0 */;
/*!40014 SET @OLD_FOREIGN_KEY_CHECKS=@@FOREIGN_KEY_CHECKS, FOREIGN_KEY_CHECKS=0 */;
/*!40101 SET @OLD_SQL_MODE=@@SQL_MODE, SQL_MODE='NO_AUTO_VALUE_ON_ZERO' */;
/*!40111 SET @OLD_SQL_NOTES=@@SQL_NOTES, SQL_NOTES=0 */;

--
-- Table structure for table `account_seq`
--

DROP TABLE IF EXISTS `account_seq`;
/*!40101 SET @saved_cs_client     = @@character_set_client */;
/*!40101 SET character_set_client = utf8 */;
CREATE TABLE `account_seq` (
  `next_not_cached_value` bigint(21) NOT NULL,
  `minimum_value` bigint(21) NOT NULL,
  `maximum_value` bigint(21) NOT NULL,
  `start_value` bigint(21) NOT NULL COMMENT 'start value when sequences is created or value if RESTART is used',
  `increment` bigint(21) NOT NULL COMMENT 'increment value',
  `cache_size` bigint(21) unsigned NOT NULL,
  `cycle_option` tinyint(1) unsigned NOT NULL COMMENT '0 if no cycles are allowed, 1 if the sequence should begin a new cycle when maximum_value is passed',
  `cycle_count` bigint(21) NOT NULL COMMENT 'How many cycles have been done'
) ENGINE=InnoDB SEQUENCE=1;
/*!40101 SET character_set_client = @saved_cs_client */;

--
-- Dumping data for table `account_seq`
--

LOCK TABLES `account_seq` WRITE;
/*!40000 ALTER TABLE `account_seq` DISABLE KEYS */;
INSERT INTO `account_seq` VALUES (13100,1,9223372036854775806,100,1,1000,0,0);
/*!40000 ALTER TABLE `account_seq` ENABLE KEYS */;
UNLOCK TABLES;

--
-- Table structure for table `account_statements`
--

DROP TABLE IF EXISTS `account_statements`;
/*!40101 SET @saved_cs_client     = @@character_set_client */;
/*!40101 SET character_set_client = utf8 */;
CREATE TABLE `account_statements` (
  `sn` int(11) NOT NULL AUTO_INCREMENT,
  `account_number` varchar(11) COLLATE utf8mb4_bin NOT NULL,
  `balance` double DEFAULT NULL,
  `cr` double DEFAULT NULL,
  `dr` double DEFAULT NULL,
  `mapped_account` varchar(20) COLLATE utf8mb4_bin DEFAULT NULL,
  `mapped_flag` varchar(1) COLLATE utf8mb4_bin NOT NULL,
  `part_tran_type` varchar(1) COLLATE utf8mb4_bin NOT NULL,
  `posted_flag` varchar(1) COLLATE utf8mb4_bin NOT NULL,
  `reference_no` varchar(100) COLLATE utf8mb4_bin DEFAULT NULL,
  `source` varchar(15) COLLATE utf8mb4_bin NOT NULL,
  `transaction_date` date NOT NULL,
  `transaction_details` varchar(255) COLLATE utf8mb4_bin NOT NULL,
  `transaction_value_date` date DEFAULT NULL,
  `uploaded_time` date NOT NULL,
  PRIMARY KEY (`sn`)
) ENGINE=InnoDB AUTO_INCREMENT=393 DEFAULT CHARSET=utf8mb4 COLLATE=utf8mb4_bin;
/*!40101 SET character_set_client = @saved_cs_client */;

--
-- Dumping data for table `account_statements`
--

LOCK TABLES `account_statements` WRITE;
/*!40000 ALTER TABLE `account_statements` DISABLE KEYS */;
/*!40000 ALTER TABLE `account_statements` ENABLE KEYS */;
UNLOCK TABLES;

--
-- Table structure for table `accounts`
--

DROP TABLE IF EXISTS `accounts`;
/*!40101 SET @saved_cs_client     = @@character_set_client */;
/*!40101 SET character_set_client = utf8 */;
CREATE TABLE `accounts` (
  `account_sn` int(11) NOT NULL,
  `account_manager` varchar(20) COLLATE utf8mb4_bin DEFAULT NULL,
  `account_ownership` varchar(2) COLLATE utf8mb4_bin NOT NULL,
  `account_reference` varchar(20) COLLATE utf8mb4_bin NOT NULL,
  `balance` double NOT NULL,
  `gl_sub_head` varchar(5) COLLATE utf8mb4_bin DEFAULT NULL,
  `scheme_code` varchar(5) COLLATE utf8mb4_bin NOT NULL,
  `sol_code` varchar(5) COLLATE utf8mb4_bin NOT NULL,
  `cust_code` varchar(10) COLLATE utf8mb4_bin DEFAULT NULL,
  `customer_sn` int(11) DEFAULT NULL,
  `delete_flag` varchar(1) COLLATE utf8mb4_bin NOT NULL,
  `posted_flag` varchar(1) COLLATE utf8mb4_bin NOT NULL,
  `posted_time` datetime(6) NOT NULL,
  `verified_flag` varchar(1) COLLATE utf8mb4_bin NOT NULL,
  `verified_time` datetime(6) DEFAULT NULL,
  PRIMARY KEY (`account_sn`),
  UNIQUE KEY `UK_5crpmoln9qdupcq25yvmoqi37` (`account_reference`),
  KEY `FKq9eaovqlspl480ayyok4s1nxw` (`customer_sn`),
  CONSTRAINT `FKq9eaovqlspl480ayyok4s1nxw` FOREIGN KEY (`customer_sn`) REFERENCES `customers` (`sn`)
) ENGINE=InnoDB DEFAULT CHARSET=utf8mb4 COLLATE=utf8mb4_bin;
/*!40101 SET character_set_client = @saved_cs_client */;

--
-- Dumping data for table `accounts`
--

LOCK TABLES `accounts` WRITE;
/*!40000 ALTER TABLE `accounts` DISABLE KEYS */;
INSERT INTO `accounts` VALUES (12133,'1','O','S001GSH112133',537340.3,'GSH1','GSH1','S001',NULL,NULL,'N','Y','2021-06-23 16:44:57.537000','N',NULL),(12135,'1','O','S001GSH112135',2250,'GSH1','GSH1','S001',NULL,NULL,'N','Y','2021-06-23 16:44:58.008000','N',NULL),(12137,'1','O','S001GSH112137',107651,'GSH1','GSH1','S001',NULL,NULL,'N','Y','2021-06-23 16:44:57.807000','N',NULL),(12139,'1','O','S001GSH112139',0,'GSH1','GSH1','S001',NULL,NULL,'N','Y','2021-06-23 15:47:36.575000','N',NULL),(12141,'1','S','S001GSH112141',0,'GSH1','L1N1','S001',NULL,NULL,'N','Y','2021-06-23 15:47:36.647000','N',NULL),(12143,'1','O','S001GSH112143',0,'GSH1','L1N1','S001',NULL,NULL,'N','Y','2021-06-23 15:48:02.990000','N',NULL),(12144,'WILLY','CL','S001L1N112144',-8550,'GSH1','L1N1','S001','CUST3010',NULL,'N','Y','2021-06-23 16:13:19.716000','N',NULL),(12146,'1','O','S002GSH112146',0,'GSH1','L1N1','S002',NULL,NULL,'N','Y','2021-06-23 15:52:02.264000','N',NULL),(12148,'2','O','S002GSH112148',0,'GSH1','L1N1','S002',NULL,NULL,'N','Y','2021-06-23 15:56:56.105000','N',NULL),(12150,'2','O','S003GSH112150',0,'GSH1','L1N1','S003',NULL,NULL,'N','Y','2021-06-23 15:59:37.059000','N',NULL),(12151,'1','CL','S002L1N112151',-330450,'GSH1','L1N1','S002','CUST3010',3010,'N','Y','2021-06-23 16:08:27.061000','N',NULL),(12152,'WILLY','CL','S001L1N112152',0,'GSH1','L1N1','S001','CUST3010',3010,'N','Y','2021-06-23 16:30:16.835000','N',NULL),(12153,'WILLY','CL','S001L1N112153',-11150,'GSH1','L1N1','S001','CUST3010',3010,'N','Y','2021-06-23 16:33:02.647000','N',NULL),(12155,'4','O','S002GSH112155',0,'GSH1','GSH1','S002',NULL,NULL,'Y','Y','2021-06-23 16:32:23.661000','N',NULL),(12157,'4','O','S002GSH112157',0,'GSH1','GSH1','S002',NULL,NULL,'Y','Y','2021-06-23 16:34:37.418000','N',NULL),(12159,'1','O','S002GSH112159',0,'GSH1','L1N1','S002',NULL,NULL,'N','Y','2021-06-23 16:36:32.211000','N',NULL),(12160,'4','CL','S001L1N112161',-269944.5,'GSH1','L1N1','S001','CUST3010',3010,'Y','Y','2021-06-23 16:42:00.304000','N',NULL),(12162,'5','CL','S002L1N112163',-27146.800000000003,'GSH1','L1N1','S002','CUST3010',3010,'Y','Y','2021-06-23 16:45:24.928000','N',NULL),(12164,'4','O','S001GSH112166',0,'GSH1','GSH1','S001',NULL,NULL,'Y','Y','2021-06-23 16:47:50.701000','N',NULL);
/*!40000 ALTER TABLE `accounts` ENABLE KEYS */;
UNLOCK TABLES;

--
-- Table structure for table `amount_slabs`
--

DROP TABLE IF EXISTS `amount_slabs`;
/*!40101 SET @saved_cs_client     = @@character_set_client */;
/*!40101 SET character_set_client = utf8 */;
CREATE TABLE `amount_slabs` (
  `slab_sn` int(11) NOT NULL,
  `created_by` int(11) NOT NULL,
  `created_on` datetime(6) NOT NULL,
  `dr_cr` varchar(1) COLLATE utf8mb4_bin DEFAULT NULL,
  `from_amount` double DEFAULT NULL,
  `interest_code` varchar(5) COLLATE utf8mb4_bin NOT NULL,
  `modified_by` int(11) NOT NULL,
  `modified_on` datetime(6) NOT NULL,
  `rate` double NOT NULL,
  `slab_code` varchar(5) COLLATE utf8mb4_bin NOT NULL,
  `to_amount` double DEFAULT NULL,
  PRIMARY KEY (`slab_sn`)
) ENGINE=InnoDB DEFAULT CHARSET=utf8mb4 COLLATE=utf8mb4_bin;
/*!40101 SET character_set_client = @saved_cs_client */;

--
-- Dumping data for table `amount_slabs`
--

LOCK TABLES `amount_slabs` WRITE;
/*!40000 ALTER TABLE `amount_slabs` DISABLE KEYS */;
INSERT INTO `amount_slabs` VALUES (2,1,'2021-05-10 03:00:00.000000',NULL,NULL,'IN01',1,'2021-05-10 03:00:00.000000',10,'SL001',NULL);
/*!40000 ALTER TABLE `amount_slabs` ENABLE KEYS */;
UNLOCK TABLES;

--
-- Table structure for table `asset_classification`
--

DROP TABLE IF EXISTS `asset_classification`;
/*!40101 SET @saved_cs_client     = @@character_set_client */;
/*!40101 SET character_set_client = utf8 */;
CREATE TABLE `asset_classification` (
  `sn` int(11) NOT NULL AUTO_INCREMENT,
  `classification` varchar(255) COLLATE utf8mb4_bin DEFAULT NULL,
  `created_by` int(11) DEFAULT NULL,
  `created_on` datetime(6) DEFAULT NULL,
  `max` int(11) DEFAULT NULL,
  `min` int(11) DEFAULT NULL,
  `modified_by` int(11) DEFAULT NULL,
  `modified_on` datetime(6) DEFAULT NULL,
  `verified_by` int(11) DEFAULT NULL,
  `verified_on` datetime(6) DEFAULT NULL,
  PRIMARY KEY (`sn`)
) ENGINE=InnoDB DEFAULT CHARSET=utf8mb4 COLLATE=utf8mb4_bin;
/*!40101 SET character_set_client = @saved_cs_client */;

--
-- Dumping data for table `asset_classification`
--

LOCK TABLES `asset_classification` WRITE;
/*!40000 ALTER TABLE `asset_classification` DISABLE KEYS */;
/*!40000 ALTER TABLE `asset_classification` ENABLE KEYS */;
UNLOCK TABLES;

--
-- Table structure for table `business_info`
--

DROP TABLE IF EXISTS `business_info`;
/*!40101 SET @saved_cs_client     = @@character_set_client */;
/*!40101 SET character_set_client = utf8 */;
CREATE TABLE `business_info` (
  `id` int(11) NOT NULL AUTO_INCREMENT,
  `avg_daily_cash_sale` double NOT NULL,
  `business_name` varchar(50) COLLATE utf8mb4_bin NOT NULL,
  `businesstype` varchar(255) COLLATE utf8mb4_bin NOT NULL,
  `establishment_year` date NOT NULL,
  `land_mark` varchar(100) COLLATE utf8mb4_bin NOT NULL,
  `licenced` varchar(1) COLLATE utf8mb4_bin NOT NULL,
  `road` varchar(100) COLLATE utf8mb4_bin DEFAULT NULL,
  `customer_sn` int(11) NOT NULL,
  PRIMARY KEY (`id`),
  UNIQUE KEY `UK_b5kqde82tlr5jlnu6w4552s9n` (`customer_sn`),
  CONSTRAINT `FK6hieo1vkwrru1yedfbk4jxn4h` FOREIGN KEY (`customer_sn`) REFERENCES `customers` (`sn`)
) ENGINE=InnoDB AUTO_INCREMENT=5 DEFAULT CHARSET=utf8mb4 COLLATE=utf8mb4_bin;
/*!40101 SET character_set_client = @saved_cs_client */;

--
-- Dumping data for table `business_info`
--

LOCK TABLES `business_info` WRITE;
/*!40000 ALTER TABLE `business_info` DISABLE KEYS */;
INSERT INTO `business_info` VALUES (1,30000,'james Pub','Pub','2020-04-24','Mosque','Y',NULL,1000),(2,30000,'james Pub','Pub','2020-04-24','Mosque','Y',NULL,2000),(3,234000,'E&m TECHNOLOGY HOUSE LTD','E&m TECHNOLOGY HOUSE LTD','2021-05-30','Church','Y','Waiyaki Way',3010),(4,30000,'james Pub','Pub','2020-04-24','Mosque','Y',NULL,5002);
/*!40000 ALTER TABLE `business_info` ENABLE KEYS */;
UNLOCK TABLES;

--
-- Table structure for table `calendar_master_table`
--

DROP TABLE IF EXISTS `calendar_master_table`;
/*!40101 SET @saved_cs_client     = @@character_set_client */;
/*!40101 SET character_set_client = utf8 */;
CREATE TABLE `calendar_master_table` (
  `sn` int(11) NOT NULL AUTO_INCREMENT,
  `created_on` date NOT NULL,
  `created_by` int(11) NOT NULL,
  `holiday_string` varchar(31) COLLATE utf8mb4_bin NOT NULL,
  `month` varchar(1) COLLATE utf8mb4_bin NOT NULL,
  `year` varchar(4) COLLATE utf8mb4_bin NOT NULL,
  PRIMARY KEY (`sn`)
) ENGINE=InnoDB AUTO_INCREMENT=2 DEFAULT CHARSET=utf8mb4 COLLATE=utf8mb4_bin;
/*!40101 SET character_set_client = @saved_cs_client */;

--
-- Dumping data for table `calendar_master_table`
--

LOCK TABLES `calendar_master_table` WRITE;
/*!40000 ALTER TABLE `calendar_master_table` DISABLE KEYS */;
INSERT INTO `calendar_master_table` VALUES (1,'2021-05-10',1,'YNNNNNNNNNNNNYNNNNNYYYNNNNNNNN','5','2021');
/*!40000 ALTER TABLE `calendar_master_table` ENABLE KEYS */;
UNLOCK TABLES;

--
-- Table structure for table `collateral_info`
--

DROP TABLE IF EXISTS `collateral_info`;
/*!40101 SET @saved_cs_client     = @@character_set_client */;
/*!40101 SET character_set_client = utf8 */;
CREATE TABLE `collateral_info` (
  `collateral_id` int(11) NOT NULL AUTO_INCREMENT,
  `description` varchar(255) COLLATE utf8mb4_bin DEFAULT NULL,
  `est_market_value` double DEFAULT NULL,
  `identification` varchar(20) COLLATE utf8mb4_bin DEFAULT NULL,
  `item_name` varchar(255) COLLATE utf8mb4_bin NOT NULL,
  `customer_sn` int(11) DEFAULT NULL,
  `guarantor_sn` int(11) DEFAULT NULL,
  PRIMARY KEY (`collateral_id`),
  KEY `FKrgmecf0d9g3fsmv8wtbo6v643` (`customer_sn`),
  KEY `FK987gnnjdq2yx361u8pxw0eo56` (`guarantor_sn`),
  CONSTRAINT `FK987gnnjdq2yx361u8pxw0eo56` FOREIGN KEY (`guarantor_sn`) REFERENCES `guarantors` (`sn`),
  CONSTRAINT `FKrgmecf0d9g3fsmv8wtbo6v643` FOREIGN KEY (`customer_sn`) REFERENCES `customers` (`sn`)
) ENGINE=InnoDB AUTO_INCREMENT=59 DEFAULT CHARSET=utf8mb4 COLLATE=utf8mb4_bin;
/*!40101 SET character_set_client = @saved_cs_client */;

--
-- Dumping data for table `collateral_info`
--

LOCK TABLES `collateral_info` WRITE;
/*!40000 ALTER TABLE `collateral_info` DISABLE KEYS */;
INSERT INTO `collateral_info` VALUES (1,'Mobile Phone',25000,NULL,'Nokia 2',1000,NULL),(2,'Laptop',45000,NULL,'Hp Probook 10',NULL,NULL),(3,'Mobile Phone',25000,NULL,'Nokia 2',2000,NULL),(4,'Laptop',45000,NULL,'Hp Probook 10',NULL,NULL),(33,'n/a',23000,'n/a','TV',3010,NULL),(34,'n/a',12000,'n/a','Home Thearter',3010,NULL),(35,'n/a',3000,'n/a','Jiko',3010,NULL),(36,'n/a',6000,'n/a','Stove ',3010,NULL),(37,'n/a',23456,'n/a','Wall Unit',NULL,3011),(38,'n/a',23456,'n/a','Laptop',NULL,3011),(39,NULL,23456,NULL,'Bed',NULL,3011),(40,'n/a',23456,'n/a','Dispenser',NULL,3011),(41,'n/a',23456,'n/a','Wall Unit',NULL,3012),(42,'n/a',23456,'n/a','Laptop',NULL,3012),(43,NULL,23456,NULL,'Bed',NULL,3012),(44,'n/a',23456,'n/a','Dispenser',NULL,3012),(45,'n/a',23456,'n/a','Wall Unit',NULL,3013),(46,'n/a',23456,'n/a','Laptop',NULL,3013),(47,NULL,23456,NULL,'Bed',NULL,3013),(48,'n/a',23456,'n/a','Dispenser',NULL,3013),(49,'n/a',23456,'n/a','Wall Unit',NULL,3014),(50,'n/a',23456,'n/a','Laptop',NULL,3014),(51,NULL,23456,NULL,'Bed',NULL,3014),(52,'n/a',23456,'n/a','Dispenser',NULL,3014),(53,'n/a',23456,'n/a','Wall Unit',NULL,3015),(54,'n/a',23456,'n/a','Laptop',NULL,3015),(55,NULL,23456,NULL,'Bed',NULL,3015),(56,'n/a',23456,'n/a','Dispenser',NULL,3015),(57,'Mobile Phone',25000,NULL,'Nokia 2',5002,NULL),(58,'Laptop',45000,NULL,'Hp Probook 10',NULL,5003);
/*!40000 ALTER TABLE `collateral_info` ENABLE KEYS */;
UNLOCK TABLES;

--
-- Table structure for table `contact_info`
--

DROP TABLE IF EXISTS `contact_info`;
/*!40101 SET @saved_cs_client     = @@character_set_client */;
/*!40101 SET character_set_client = utf8 */;
CREATE TABLE `contact_info` (
  `contact_sn` int(11) NOT NULL AUTO_INCREMENT,
  `city` varchar(20) COLLATE utf8mb4_bin DEFAULT NULL,
  `county` varchar(30) COLLATE utf8mb4_bin DEFAULT NULL,
  `mobile_no` varchar(12) COLLATE utf8mb4_bin NOT NULL,
  `postal_address` varchar(100) COLLATE utf8mb4_bin DEFAULT NULL,
  `postal_code` varchar(15) COLLATE utf8mb4_bin DEFAULT NULL,
  `customer_sn` int(11) DEFAULT NULL,
  `guarantor_sn` int(11) DEFAULT NULL,
  PRIMARY KEY (`contact_sn`),
  KEY `FKd2cl4tol6m910qmsvdx1qjlv2` (`customer_sn`),
  KEY `FKibc0uijrektv1n73rm9vicyeq` (`guarantor_sn`),
  CONSTRAINT `FKd2cl4tol6m910qmsvdx1qjlv2` FOREIGN KEY (`customer_sn`) REFERENCES `customers` (`sn`),
  CONSTRAINT `FKibc0uijrektv1n73rm9vicyeq` FOREIGN KEY (`guarantor_sn`) REFERENCES `guarantors` (`sn`)
) ENGINE=InnoDB AUTO_INCREMENT=20 DEFAULT CHARSET=utf8mb4 COLLATE=utf8mb4_bin;
/*!40101 SET character_set_client = @saved_cs_client */;

--
-- Dumping data for table `contact_info`
--

LOCK TABLES `contact_info` WRITE;
/*!40000 ALTER TABLE `contact_info` DISABLE KEYS */;
INSERT INTO `contact_info` VALUES (1,'Thika','Kiambu','254708881885',NULL,NULL,1000,NULL),(2,'Nakuru','Nakuru','25408031332',NULL,NULL,NULL,NULL),(3,'Thika','Kiambu','254708881885',NULL,NULL,2000,NULL),(4,'Nakuru','Nakuru','25408031332',NULL,NULL,NULL,NULL),(12,'','C4','0708881885','23790','00100',3010,NULL),(13,'','C4','0708881885','23790','00100',NULL,3011),(14,'','C4','0708881885','23790','00100',NULL,3012),(15,'','C4','0708881885','23790','00100',NULL,3013),(16,'','C4','0708881885','23790','00100',NULL,3014),(17,'','C4','0708881885','23790','00100',NULL,3015),(18,'Thika','Kiambu','254708881885',NULL,NULL,5002,NULL),(19,'Nakuru','Nakuru','25408031332',NULL,NULL,NULL,5003);
/*!40000 ALTER TABLE `contact_info` ENABLE KEYS */;
UNLOCK TABLES;

--
-- Table structure for table `cust_seq`
--

DROP TABLE IF EXISTS `cust_seq`;
/*!40101 SET @saved_cs_client     = @@character_set_client */;
/*!40101 SET character_set_client = utf8 */;
CREATE TABLE `cust_seq` (
  `next_not_cached_value` bigint(21) NOT NULL,
  `minimum_value` bigint(21) NOT NULL,
  `maximum_value` bigint(21) NOT NULL,
  `start_value` bigint(21) NOT NULL COMMENT 'start value when sequences is created or value if RESTART is used',
  `increment` bigint(21) NOT NULL COMMENT 'increment value',
  `cache_size` bigint(21) unsigned NOT NULL,
  `cycle_option` tinyint(1) unsigned NOT NULL COMMENT '0 if no cycles are allowed, 1 if the sequence should begin a new cycle when maximum_value is passed',
  `cycle_count` bigint(21) NOT NULL COMMENT 'How many cycles have been done'
) ENGINE=InnoDB SEQUENCE=1;
/*!40101 SET character_set_client = @saved_cs_client */;

--
-- Dumping data for table `cust_seq`
--

LOCK TABLES `cust_seq` WRITE;
/*!40000 ALTER TABLE `cust_seq` DISABLE KEYS */;
INSERT INTO `cust_seq` VALUES (6000,1,9223372036854775806,1000,1,1000,0,0);
/*!40000 ALTER TABLE `cust_seq` ENABLE KEYS */;
UNLOCK TABLES;

--
-- Table structure for table `customers`
--

DROP TABLE IF EXISTS `customers`;
/*!40101 SET @saved_cs_client     = @@character_set_client */;
/*!40101 SET character_set_client = utf8 */;
CREATE TABLE `customers` (
  `sn` int(11) NOT NULL,
  `customer_code` varchar(10) COLLATE utf8mb4_bin DEFAULT NULL,
  `dob` date NOT NULL,
  `first_name` varchar(12) COLLATE utf8mb4_bin NOT NULL,
  `gender` varchar(2) COLLATE utf8mb4_bin NOT NULL,
  `id_no` varchar(8) COLLATE utf8mb4_bin NOT NULL,
  `last_name` varchar(15) COLLATE utf8mb4_bin NOT NULL,
  `marital_status` varchar(10) COLLATE utf8mb4_bin NOT NULL,
  `middle_name` varchar(15) COLLATE utf8mb4_bin DEFAULT NULL,
  `residential` varchar(50) COLLATE utf8mb4_bin NOT NULL,
  `sol_code` varchar(10) COLLATE utf8mb4_bin NOT NULL,
  `title` varchar(5) COLLATE utf8mb4_bin DEFAULT NULL,
  `delete_flag` varchar(1) COLLATE utf8mb4_bin DEFAULT NULL,
  `posted_flag` varchar(1) COLLATE utf8mb4_bin DEFAULT NULL,
  `posted_on` datetime(6) DEFAULT NULL,
  `verified_flag` varchar(1) COLLATE utf8mb4_bin DEFAULT NULL,
  `verified_time` datetime(6) DEFAULT NULL,
  PRIMARY KEY (`sn`),
  UNIQUE KEY `UK_iqv746oh5t5is1vr4p2nl79r6` (`customer_code`)
) ENGINE=InnoDB DEFAULT CHARSET=utf8mb4 COLLATE=utf8mb4_bin;
/*!40101 SET character_set_client = @saved_cs_client */;

--
-- Dumping data for table `customers`
--

LOCK TABLES `customers` WRITE;
/*!40000 ALTER TABLE `customers` DISABLE KEYS */;
INSERT INTO `customers` VALUES (1000,'CUST1000','1997-12-23','James','M','34374973','Njuguna','Single','Mwangi','Ogata Rongai','S001','Mr.',NULL,NULL,NULL,NULL,NULL),(2000,'CUST1001','1997-12-23','James','M','34374973','Njuguna','Single','Mwangi','Ogata Rongai','S002','Mr.',NULL,NULL,NULL,NULL,NULL),(3010,'CUST3010','2021-05-30','Stella','A1','12323232','Kimathi','B0','Mukami','B4','S001','A3','N','Y','2021-06-23 13:10:29.000000',NULL,NULL),(5002,'CUST3011','1997-12-23','James','M','34374973','Njuguna','Single','Mwangi','Ogata Rongai','S002','Mr.',NULL,NULL,NULL,NULL,NULL);
/*!40000 ALTER TABLE `customers` ENABLE KEYS */;
UNLOCK TABLES;

--
-- Table structure for table `eod`
--

DROP TABLE IF EXISTS `eod`;
/*!40101 SET @saved_cs_client     = @@character_set_client */;
/*!40101 SET character_set_client = utf8 */;
CREATE TABLE `eod` (
  `sn` int(11) NOT NULL AUTO_INCREMENT,
  `account_reference` varchar(20) COLLATE utf8mb4_bin NOT NULL,
  `date` date NOT NULL,
  `eod_balance` double NOT NULL,
  `posted_by` varchar(6) COLLATE utf8mb4_bin DEFAULT NULL,
  `posted_time` date NOT NULL,
  `posted_flag` varchar(1) COLLATE utf8mb4_bin NOT NULL,
  `verified_by` varchar(6) COLLATE utf8mb4_bin DEFAULT NULL,
  `verified_time` date DEFAULT NULL,
  `verified_flag` varchar(1) COLLATE utf8mb4_bin DEFAULT NULL,
  PRIMARY KEY (`sn`)
) ENGINE=InnoDB AUTO_INCREMENT=226 DEFAULT CHARSET=utf8mb4 COLLATE=utf8mb4_bin;
/*!40101 SET character_set_client = @saved_cs_client */;

--
-- Dumping data for table `eod`
--

LOCK TABLES `eod` WRITE;
/*!40000 ALTER TABLE `eod` DISABLE KEYS */;
INSERT INTO `eod` VALUES (52,'S001L1N11127','2021-05-24',84000,'SYSTEM','2021-05-24','Y',NULL,NULL,NULL),(53,'S001L1N11130','2021-05-24',243600,'SYSTEM','2021-05-24','Y',NULL,NULL,NULL),(54,'S001L1N11129','2021-05-24',15400,'SYSTEM','2021-05-24','Y',NULL,NULL,NULL),(55,'S001L1N11131','2021-05-24',-1050,'SYSTEM','2021-05-24','Y',NULL,NULL,NULL),(56,'S001L1N11127','2021-05-21',2750,'SYSTEM','2021-05-21','Y',NULL,NULL,NULL),(57,'S001L1N11131','2021-05-21',-12000,'SYSTEM','2021-05-21','Y',NULL,NULL,NULL),(58,'S001L1N11128','2021-05-24',-11200,'SYSTEM','2021-05-24','Y',NULL,NULL,NULL),(59,'S001L1N15101','2021-05-24',-281750,'SYSTEM','2021-05-24','Y',NULL,NULL,NULL),(60,'S001L1N15102','2021-05-24',-49000,'SYSTEM','2021-05-24','Y',NULL,NULL,NULL),(61,'S001L1N11131','2021-05-25',-650,'SYSTEM','2021-05-25','Y',NULL,NULL,NULL),(62,'S001L1N11130','2021-05-25',261300,'SYSTEM','2021-05-25','Y',NULL,NULL,NULL),(63,'S001L1N15101','2021-05-25',-294000,'SYSTEM','2021-05-25','Y',NULL,NULL,NULL),(64,'S001L1N15102','2021-05-25',-61250,'SYSTEM','2021-05-25','Y',NULL,NULL,NULL),(65,'S001L1N11129','2021-05-25',16200,'SYSTEM','2021-05-25','Y',NULL,NULL,NULL),(66,'S001L1N11128','2021-05-25',-11600,'SYSTEM','2021-05-25','Y',NULL,NULL,NULL),(67,'S001L1N11127','2021-05-25',90000,'SYSTEM','2021-05-25','Y',NULL,NULL,NULL),(68,'S001L1N11130','2021-05-25',279000,'SYSTEM','2021-05-25','Y',NULL,NULL,NULL),(69,'S001L1N11128','2021-05-25',-12000,'SYSTEM','2021-05-25','Y',NULL,NULL,NULL),(70,'S001L1N15101','2021-05-25',-306250,'SYSTEM','2021-05-25','Y',NULL,NULL,NULL),(71,'S001L1N11129','2021-05-25',17000,'SYSTEM','2021-05-25','Y',NULL,NULL,NULL),(72,'S001L1N15102','2021-05-25',-73500,'SYSTEM','2021-05-25','Y',NULL,NULL,NULL),(73,'S001L1N11127','2021-05-25',96000,'SYSTEM','2021-05-25','Y',NULL,NULL,NULL),(74,'S001L1N11131','2021-05-25',-250,'SYSTEM','2021-05-25','Y',NULL,NULL,NULL),(75,'S001L1N11131','2021-05-25',150,'SYSTEM','2021-05-25','Y',NULL,NULL,NULL),(76,'S001L1N11130','2021-05-25',296700,'SYSTEM','2021-05-25','Y',NULL,NULL,NULL),(77,'S001L1N11127','2021-05-25',102000,'SYSTEM','2021-05-25','Y',NULL,NULL,NULL),(78,'S001L1N15101','2021-05-25',-318500,'SYSTEM','2021-05-25','Y',NULL,NULL,NULL),(79,'S001L1N11129','2021-05-25',17800,'SYSTEM','2021-05-25','Y',NULL,NULL,NULL),(80,'S001L1N15102','2021-05-25',-85750,'SYSTEM','2021-05-25','Y',NULL,NULL,NULL),(81,'S001L1N11128','2021-05-25',-12400,'SYSTEM','2021-05-25','Y',NULL,NULL,NULL),(82,'S001L1N11131','2021-05-25',550,'SYSTEM','2021-05-25','Y',NULL,NULL,NULL),(83,'S001L1N15101','2021-05-25',-330750,'SYSTEM','2021-05-25','Y',NULL,NULL,NULL),(84,'S001L1N11129','2021-05-25',18600,'SYSTEM','2021-05-25','Y',NULL,NULL,NULL),(85,'S001L1N11128','2021-05-25',-12800,'SYSTEM','2021-05-25','Y',NULL,NULL,NULL),(86,'S001L1N15102','2021-05-25',-98000,'SYSTEM','2021-05-25','Y',NULL,NULL,NULL),(87,'S001L1N11127','2021-05-25',108000,'SYSTEM','2021-05-25','Y',NULL,NULL,NULL),(88,'S001L1N11130','2021-05-25',314400,'SYSTEM','2021-05-25','Y',NULL,NULL,NULL),(89,'S001L1N15102','2021-05-25',-110250,'SYSTEM','2021-05-25','Y',NULL,NULL,NULL),(90,'S001L1N15101','2021-05-25',-343000,'SYSTEM','2021-05-25','Y',NULL,NULL,NULL),(91,'S001L1N11127','2021-05-25',114000,'SYSTEM','2021-05-25','Y',NULL,NULL,NULL),(92,'S001L1N11130','2021-05-25',332100,'SYSTEM','2021-05-25','Y',NULL,NULL,NULL),(93,'S001L1N11129','2021-05-25',19400,'SYSTEM','2021-05-25','Y',NULL,NULL,NULL),(94,'S001L1N11128','2021-05-25',-13200,'SYSTEM','2021-05-25','Y',NULL,NULL,NULL),(95,'S001L1N11131','2021-05-25',950,'SYSTEM','2021-05-25','Y',NULL,NULL,NULL),(96,'S001L1N11129','2021-05-25',20200,'SYSTEM','2021-05-25','Y',NULL,NULL,NULL),(97,'S001L1N11128','2021-05-25',-13600,'SYSTEM','2021-05-25','Y',NULL,NULL,NULL),(98,'S001L1N11130','2021-05-25',349800,'SYSTEM','2021-05-25','Y',NULL,NULL,NULL),(99,'S001L1N11131','2021-05-25',1350,'SYSTEM','2021-05-25','Y',NULL,NULL,NULL),(100,'S001L1N15102','2021-05-25',-122500,'SYSTEM','2021-05-25','Y',NULL,NULL,NULL),(101,'S001L1N11127','2021-05-25',120000,'SYSTEM','2021-05-25','Y',NULL,NULL,NULL),(102,'S001L1N15101','2021-05-25',-355250,'SYSTEM','2021-05-25','Y',NULL,NULL,NULL),(103,'S001L1N15102','2021-05-25',-134750,'SYSTEM','2021-05-25','Y',NULL,NULL,NULL),(104,'S001L1N11130','2021-05-25',367500,'SYSTEM','2021-05-25','Y',NULL,NULL,NULL),(105,'S001L1N11131','2021-05-25',1750,'SYSTEM','2021-05-25','Y',NULL,NULL,NULL),(106,'S001L1N11127','2021-05-25',126000,'SYSTEM','2021-05-25','Y',NULL,NULL,NULL),(107,'S001L1N15101','2021-05-25',-367500,'SYSTEM','2021-05-25','Y',NULL,NULL,NULL),(108,'S001L1N11129','2021-05-25',21000,'SYSTEM','2021-05-25','Y',NULL,NULL,NULL),(109,'S001L1N11128','2021-05-25',-14000,'SYSTEM','2021-05-25','Y',NULL,NULL,NULL),(110,'S001L1N11129','2021-05-25',21800,'SYSTEM','2021-05-25','Y',NULL,NULL,NULL),(111,'S001L1N15102','2021-05-25',-147000,'SYSTEM','2021-05-25','Y',NULL,NULL,NULL),(112,'S001L1N11128','2021-05-25',-14400,'SYSTEM','2021-05-25','Y',NULL,NULL,NULL),(113,'S001L1N11130','2021-05-25',385200,'SYSTEM','2021-05-25','Y',NULL,NULL,NULL),(114,'S001L1N11127','2021-05-25',132000,'SYSTEM','2021-05-25','Y',NULL,NULL,NULL),(115,'S001L1N15101','2021-05-25',-379750,'SYSTEM','2021-05-25','Y',NULL,NULL,NULL),(116,'S001L1N11131','2021-05-25',2150,'SYSTEM','2021-05-25','Y',NULL,NULL,NULL),(117,'S001L1N11127','2021-05-25',138000,'SYSTEM','2021-05-25','Y',NULL,NULL,NULL),(118,'S001L1N11130','2021-05-25',402900,'SYSTEM','2021-05-25','Y',NULL,NULL,NULL),(119,'S001L1N15101','2021-05-25',-392000,'SYSTEM','2021-05-25','Y',NULL,NULL,NULL),(120,'S001L1N15102','2021-05-25',-159250,'SYSTEM','2021-05-25','Y',NULL,NULL,NULL),(121,'S001L1N11131','2021-05-25',2550,'SYSTEM','2021-05-25','Y',NULL,NULL,NULL),(122,'S001L1N11129','2021-05-25',22600,'SYSTEM','2021-05-25','Y',NULL,NULL,NULL),(123,'S001L1N11128','2021-05-25',-14800,'SYSTEM','2021-05-25','Y',NULL,NULL,NULL),(124,'S001L1N11130','2021-05-25',420600,'SYSTEM','2021-05-25','Y',NULL,NULL,NULL),(125,'S001L1N11128','2021-05-25',-15200,'SYSTEM','2021-05-25','Y',NULL,NULL,NULL),(126,'S001L1N11127','2021-05-25',144000,'SYSTEM','2021-05-25','Y',NULL,NULL,NULL),(127,'S001L1N15101','2021-05-25',-404250,'SYSTEM','2021-05-25','Y',NULL,NULL,NULL),(128,'S001L1N11131','2021-05-25',2950,'SYSTEM','2021-05-25','Y',NULL,NULL,NULL),(129,'S001L1N11129','2021-05-25',23400,'SYSTEM','2021-05-25','Y',NULL,NULL,NULL),(130,'S001L1N15102','2021-05-25',-171500,'SYSTEM','2021-05-25','Y',NULL,NULL,NULL),(131,'S001L1N11129','2021-05-25',24200,'SYSTEM','2021-05-25','Y',NULL,NULL,NULL),(132,'S001L1N15102','2021-05-25',-183750,'SYSTEM','2021-05-25','Y',NULL,NULL,NULL),(133,'S001L1N15101','2021-05-25',-416500,'SYSTEM','2021-05-25','Y',NULL,NULL,NULL),(134,'S001L1N11127','2021-05-25',150000,'SYSTEM','2021-05-25','Y',NULL,NULL,NULL),(135,'S001L1N11128','2021-05-25',-15600,'SYSTEM','2021-05-25','Y',NULL,NULL,NULL),(136,'S001L1N11131','2021-05-25',3350,'SYSTEM','2021-05-25','Y',NULL,NULL,NULL),(137,'S001L1N11130','2021-05-25',438300,'SYSTEM','2021-05-25','Y',NULL,NULL,NULL),(138,'S001L1N11128','2021-05-25',-16000,'SYSTEM','2021-05-25','Y',NULL,NULL,NULL),(139,'S001L1N15101','2021-05-25',-428750,'SYSTEM','2021-05-25','Y',NULL,NULL,NULL),(140,'S001L1N15102','2021-05-25',-196000,'SYSTEM','2021-05-25','Y',NULL,NULL,NULL),(141,'S001L1N11131','2021-05-25',3750,'SYSTEM','2021-05-25','Y',NULL,NULL,NULL),(142,'S001L1N11129','2021-05-25',25000,'SYSTEM','2021-05-25','Y',NULL,NULL,NULL),(143,'S001L1N11130','2021-05-25',456000,'SYSTEM','2021-05-25','Y',NULL,NULL,NULL),(144,'S001L1N11127','2021-05-25',156000,'SYSTEM','2021-05-25','Y',NULL,NULL,NULL),(145,'S001L1N15101','2021-05-25',-441000,'SYSTEM','2021-05-25','Y',NULL,NULL,NULL),(146,'S001L1N11129','2021-05-25',25800,'SYSTEM','2021-05-25','Y',NULL,NULL,NULL),(147,'S001L1N11127','2021-05-25',162000,'SYSTEM','2021-05-25','Y',NULL,NULL,NULL),(148,'S001L1N11131','2021-05-25',4150,'SYSTEM','2021-05-25','Y',NULL,NULL,NULL),(149,'S001L1N11128','2021-05-25',-16400,'SYSTEM','2021-05-25','Y',NULL,NULL,NULL),(150,'S001L1N11130','2021-05-25',473700,'SYSTEM','2021-05-25','Y',NULL,NULL,NULL),(151,'S001L1N15102','2021-05-25',-208250,'SYSTEM','2021-05-25','Y',NULL,NULL,NULL),(152,'S001L1N11127','2021-05-25',171000,'SYSTEM','2021-05-25','Y',NULL,NULL,NULL),(153,'S001L1N11130','2021-05-25',500400,'SYSTEM','2021-05-25','Y',NULL,NULL,NULL),(154,'S001L1N11131','2021-05-25',4550,'SYSTEM','2021-05-25','Y',NULL,NULL,NULL),(155,'S001L1N16102','2021-05-25',-12250,'SYSTEM','2021-05-25','Y',NULL,NULL,NULL),(156,'S001L1N11129','2021-05-25',26850,'SYSTEM','2021-05-25','Y',NULL,NULL,NULL),(157,'S001L1N11128','2021-05-25',-16800,'SYSTEM','2021-05-25','Y',NULL,NULL,NULL),(158,'S001L1N15102','2021-05-25',-220500,'SYSTEM','2021-05-25','Y',NULL,NULL,NULL),(159,'S001L1N15101','2021-05-25',-453250,'SYSTEM','2021-05-25','Y',NULL,NULL,NULL),(160,'S001L1N11127','2021-05-25',180000,'SYSTEM','2021-05-25','Y',NULL,NULL,NULL),(161,'S001L1N11129','2021-05-25',27900,'SYSTEM','2021-05-25','Y',NULL,NULL,NULL),(162,'S001L1N11131','2021-05-25',4950,'SYSTEM','2021-05-25','Y',NULL,NULL,NULL),(163,'S001L1N15101','2021-05-25',-465500,'SYSTEM','2021-05-25','Y',NULL,NULL,NULL),(164,'S001L1N11128','2021-05-25',-17200,'SYSTEM','2021-05-25','Y',NULL,NULL,NULL),(165,'S001L1N15102','2021-05-25',-232750,'SYSTEM','2021-05-25','Y',NULL,NULL,NULL),(166,'S001L1N16102','2021-05-25',-24500,'SYSTEM','2021-05-25','Y',NULL,NULL,NULL),(167,'S001L1N11130','2021-05-25',527100,'SYSTEM','2021-05-25','Y',NULL,NULL,NULL),(168,'S001L1N11127','2021-05-25',189000,'SYSTEM','2021-05-25','Y',NULL,NULL,NULL),(169,'S001L1N11131','2021-05-25',5350,'SYSTEM','2021-05-25','Y',NULL,NULL,NULL),(170,'S001L1N11130','2021-05-25',553800,'SYSTEM','2021-05-25','Y',NULL,NULL,NULL),(171,'S001L1N15101','2021-05-25',-477750,'SYSTEM','2021-05-25','Y',NULL,NULL,NULL),(172,'S001L1N16102','2021-05-25',-24500,'SYSTEM','2021-05-25','Y',NULL,NULL,NULL),(173,'S001L1N11128','2021-05-25',-17600,'SYSTEM','2021-05-25','Y',NULL,NULL,NULL),(174,'S001L1N15102','2021-05-25',-245000,'SYSTEM','2021-05-25','Y',NULL,NULL,NULL),(175,'S001L1N11129','2021-05-25',28950,'SYSTEM','2021-05-25','Y',NULL,NULL,NULL),(176,'S001L1N11127','2021-05-25',198000,'SYSTEM','2021-05-25','Y',NULL,NULL,NULL),(177,'S001L1N11130','2021-05-25',580500,'SYSTEM','2021-05-25','Y',NULL,NULL,NULL),(178,'S001L1N11131','2021-05-25',5750,'SYSTEM','2021-05-25','Y',NULL,NULL,NULL),(179,'S001L1N16102','2021-05-25',-36750,'SYSTEM','2021-05-25','Y',NULL,NULL,NULL),(180,'S001L1N11129','2021-05-25',30000,'SYSTEM','2021-05-25','Y',NULL,NULL,NULL),(181,'S001L1N15101','2021-05-25',-490000,'SYSTEM','2021-05-25','Y',NULL,NULL,NULL),(182,'S001L1N15102','2021-05-25',-257250,'SYSTEM','2021-05-25','Y',NULL,NULL,NULL),(183,'S001L1N11128','2021-05-25',-18000,'SYSTEM','2021-05-25','Y',NULL,NULL,NULL),(184,'S001L1N15101','2021-05-25',-502250,'SYSTEM','2021-05-25','Y',NULL,NULL,NULL),(185,'S001L1N11129','2021-05-25',31050,'SYSTEM','2021-05-25','Y',NULL,NULL,NULL),(186,'S001L1N11131','2021-05-25',6150,'SYSTEM','2021-05-25','Y',NULL,NULL,NULL),(187,'S001L1N11127','2021-05-25',207000,'SYSTEM','2021-05-25','Y',NULL,NULL,NULL),(188,'S001L1N11130','2021-05-25',607200,'SYSTEM','2021-05-25','Y',NULL,NULL,NULL),(189,'S001L1N15102','2021-05-25',-269500,'SYSTEM','2021-05-25','Y',NULL,NULL,NULL),(190,'S001L1N11128','2021-05-25',-18400,'SYSTEM','2021-05-25','Y',NULL,NULL,NULL),(191,'S001L1N16102','2021-05-25',-49000,'SYSTEM','2021-05-25','Y',NULL,NULL,NULL),(192,'S001L1N16102','2021-05-25',-61250,'SYSTEM','2021-05-25','Y',NULL,NULL,NULL),(193,'S001L1N11130','2021-05-25',633900,'SYSTEM','2021-05-25','Y',NULL,NULL,NULL),(194,'S001L1N15101','2021-05-25',-514500,'SYSTEM','2021-05-25','Y',NULL,NULL,NULL),(195,'S001L1N11131','2021-05-25',6550,'SYSTEM','2021-05-25','Y',NULL,NULL,NULL),(196,'S001L1N11128','2021-05-25',-18800,'SYSTEM','2021-05-25','Y',NULL,NULL,NULL),(197,'S001L1N11127','2021-05-25',216000,'SYSTEM','2021-05-25','Y',NULL,NULL,NULL),(198,'S001L1N15102','2021-05-25',-281750,'SYSTEM','2021-05-25','Y',NULL,NULL,NULL),(199,'S001L1N11129','2021-05-25',32100,'SYSTEM','2021-05-25','Y',NULL,NULL,NULL),(200,'S001L1N11129','2021-05-25',33150,'SYSTEM','2021-05-25','Y',NULL,NULL,NULL),(201,'S001L1N11130','2021-05-25',660600,'SYSTEM','2021-05-25','Y',NULL,NULL,NULL),(202,'S001L1N11128','2021-05-25',-19200,'SYSTEM','2021-05-25','Y',NULL,NULL,NULL),(203,'S001L1N11131','2021-05-25',6950,'SYSTEM','2021-05-25','Y',NULL,NULL,NULL),(204,'S001L1N15101','2021-05-25',-526750,'SYSTEM','2021-05-25','Y',NULL,NULL,NULL),(205,'S001L1N15102','2021-05-25',-294000,'SYSTEM','2021-05-25','Y',NULL,NULL,NULL),(206,'S001L1N16102','2021-05-25',-73500,'SYSTEM','2021-05-25','Y',NULL,NULL,NULL),(207,'S001L1N11127','2021-05-25',225000,'SYSTEM','2021-05-25','Y',NULL,NULL,NULL),(208,'S001L1N11130','2021-05-25',687300,'SYSTEM','2021-05-25','Y',NULL,NULL,NULL),(209,'S001L1N15102','2021-05-25',-306250,'SYSTEM','2021-05-25','Y',NULL,NULL,NULL),(210,'S001L1N16102','2021-05-25',-85750,'SYSTEM','2021-05-25','Y',NULL,NULL,NULL),(211,'S001L1N11128','2021-05-25',-19600,'SYSTEM','2021-05-25','Y',NULL,NULL,NULL),(212,'S001L1N11131','2021-05-25',7350,'SYSTEM','2021-05-25','Y',NULL,NULL,NULL),(213,'S001L1N11129','2021-05-25',34200,'SYSTEM','2021-05-25','Y',NULL,NULL,NULL),(214,'S001L1N15101','2021-05-25',-539000,'SYSTEM','2021-05-25','Y',NULL,NULL,NULL),(215,'S001L1N11127','2021-05-25',234000,'SYSTEM','2021-05-25','Y',NULL,NULL,NULL),(216,'S001L1N11127','2021-05-27',241000,'SYSTEM','2021-05-27','Y',NULL,NULL,NULL),(217,'S001L1N16102','2021-05-27',-98000,'SYSTEM','2021-05-27','Y',NULL,NULL,NULL),(218,'S001GSH15103','2021-05-27',-1000,'SYSTEM','2021-05-27','Y',NULL,NULL,NULL),(219,'S001L1N15102','2021-05-27',-318500,'SYSTEM','2021-05-27','Y',NULL,NULL,NULL),(220,'S001L1N15101','2021-05-27',-551250,'SYSTEM','2021-05-27','Y',NULL,NULL,NULL),(221,'S002GSH16101','2021-05-27',1000,'SYSTEM','2021-05-27','Y',NULL,NULL,NULL),(222,'S001L1N11130','2021-05-27',713700,'SYSTEM','2021-05-27','Y',NULL,NULL,NULL),(223,'S001L1N11128','2021-05-27',-20400,'SYSTEM','2021-05-27','Y',NULL,NULL,NULL),(224,'S001L1N11131','2021-05-27',10150,'SYSTEM','2021-05-27','Y',NULL,NULL,NULL),(225,'S001L1N11129','2021-05-27',35550,'SYSTEM','2021-05-27','Y',NULL,NULL,NULL);
/*!40000 ALTER TABLE `eod` ENABLE KEYS */;
UNLOCK TABLES;

--
-- Table structure for table `gl`
--

DROP TABLE IF EXISTS `gl`;
/*!40101 SET @saved_cs_client     = @@character_set_client */;
/*!40101 SET character_set_client = utf8 */;
CREATE TABLE `gl` (
  `gl_sn` int(11) NOT NULL AUTO_INCREMENT,
  `gl_code` varchar(255) COLLATE utf8mb4_bin NOT NULL,
  `gl_description` varchar(255) COLLATE utf8mb4_bin NOT NULL,
  `delete_flag` varchar(1) COLLATE utf8mb4_bin NOT NULL,
  `posted_flag` varchar(1) COLLATE utf8mb4_bin NOT NULL,
  `posted_time` datetime(6) NOT NULL,
  `verified_flag` varchar(1) COLLATE utf8mb4_bin NOT NULL,
  `verified_time` datetime(6) DEFAULT NULL,
  PRIMARY KEY (`gl_sn`)
) ENGINE=InnoDB AUTO_INCREMENT=8 DEFAULT CHARSET=utf8mb4 COLLATE=utf8mb4_bin;
/*!40101 SET character_set_client = @saved_cs_client */;

--
-- Dumping data for table `gl`
--

LOCK TABLES `gl` WRITE;
/*!40000 ALTER TABLE `gl` DISABLE KEYS */;
INSERT INTO `gl` VALUES (1,'GL1','Assets','N','Y','0000-00-00 00:00:00.000000','Y','2021-06-23 16:55:23.000000'),(6,'GL2','Revenue','Y','Y','2021-06-23 14:38:51.265000','Y','2021-06-23 14:38:51.265000'),(7,'GL4','Assets','N','Y','2021-06-23 16:56:10.862000','Y','2021-06-23 16:56:10.862000');
/*!40000 ALTER TABLE `gl` ENABLE KEYS */;
UNLOCK TABLES;

--
-- Table structure for table `gl_subhead_code`
--

DROP TABLE IF EXISTS `gl_subhead_code`;
/*!40101 SET @saved_cs_client     = @@character_set_client */;
/*!40101 SET character_set_client = utf8 */;
CREATE TABLE `gl_subhead_code` (
  `subhead_sn` int(11) NOT NULL AUTO_INCREMENT,
  `gl_sub_head_code` varchar(255) COLLATE utf8mb4_bin NOT NULL,
  `gl_sub_head_description` varchar(255) COLLATE utf8mb4_bin NOT NULL,
  `gl_code` int(11) DEFAULT NULL,
  `delete_flag` varchar(1) COLLATE utf8mb4_bin DEFAULT NULL,
  `posted_flag` varchar(1) COLLATE utf8mb4_bin DEFAULT NULL,
  `posted_time` datetime(6) DEFAULT NULL,
  `verified_flag` varchar(1) COLLATE utf8mb4_bin DEFAULT NULL,
  `verified_time` datetime(6) DEFAULT NULL,
  PRIMARY KEY (`subhead_sn`),
  KEY `FK3m3ayeffm25s4kq7t60qc7xxp` (`gl_code`),
  CONSTRAINT `FK3m3ayeffm25s4kq7t60qc7xxp` FOREIGN KEY (`gl_code`) REFERENCES `gl` (`gl_sn`)
) ENGINE=InnoDB AUTO_INCREMENT=5 DEFAULT CHARSET=utf8mb4 COLLATE=utf8mb4_bin;
/*!40101 SET character_set_client = @saved_cs_client */;

--
-- Dumping data for table `gl_subhead_code`
--

LOCK TABLES `gl_subhead_code` WRITE;
/*!40000 ALTER TABLE `gl_subhead_code` DISABLE KEYS */;
INSERT INTO `gl_subhead_code` VALUES (1,'GSH1','Loan Collection',1,NULL,NULL,NULL,NULL,NULL),(3,'GSH2','Loan Collection',6,'N','Y','2021-06-23 14:39:18.658000',NULL,NULL),(4,'GSH2','Loan Collection',6,'N','Y','2021-06-23 16:45:07.867000','Y',NULL);
/*!40000 ALTER TABLE `gl_subhead_code` ENABLE KEYS */;
UNLOCK TABLES;

--
-- Table structure for table `guarantors`
--

DROP TABLE IF EXISTS `guarantors`;
/*!40101 SET @saved_cs_client     = @@character_set_client */;
/*!40101 SET character_set_client = utf8 */;
CREATE TABLE `guarantors` (
  `sn` int(11) NOT NULL,
  `dob` date NOT NULL,
  `first_name` varchar(12) COLLATE utf8mb4_bin DEFAULT NULL,
  `gender` varchar(2) COLLATE utf8mb4_bin NOT NULL,
  `guarantor_id` varchar(10) COLLATE utf8mb4_bin DEFAULT NULL,
  `id_no` varchar(8) COLLATE utf8mb4_bin NOT NULL,
  `last_name` varchar(15) COLLATE utf8mb4_bin DEFAULT NULL,
  `marital_status` varchar(10) COLLATE utf8mb4_bin NOT NULL,
  `middle_name` varchar(15) COLLATE utf8mb4_bin DEFAULT NULL,
  `residential` varchar(50) COLLATE utf8mb4_bin NOT NULL,
  `title` varchar(5) COLLATE utf8mb4_bin DEFAULT NULL,
  `customer_sn` int(11) NOT NULL,
  `occupation` varchar(30) COLLATE utf8mb4_bin DEFAULT NULL,
  `relationship` varchar(30) COLLATE utf8mb4_bin DEFAULT NULL,
  PRIMARY KEY (`sn`),
  UNIQUE KEY `UK_mj29y39q6r1inpqjmeyna172q` (`guarantor_id`),
  KEY `FKnmpt8aubnqebo5kola4kf2cdp` (`customer_sn`),
  CONSTRAINT `FKnmpt8aubnqebo5kola4kf2cdp` FOREIGN KEY (`customer_sn`) REFERENCES `customers` (`sn`)
) ENGINE=InnoDB DEFAULT CHARSET=utf8mb4 COLLATE=utf8mb4_bin;
/*!40101 SET character_set_client = @saved_cs_client */;

--
-- Dumping data for table `guarantors`
--

LOCK TABLES `guarantors` WRITE;
/*!40000 ALTER TABLE `guarantors` DISABLE KEYS */;
INSERT INTO `guarantors` VALUES (1001,'1997-04-28','Sarah','M',NULL,'23456345','Nzia','Single','Wambua','Ongata Rongai','Mr.',1000,'',''),(2001,'1997-04-28','Sarah','M',NULL,'23456345','Nzia','Single','Wambua','Ongata Rongai','Mr.',2000,'',''),(3011,'2021-05-30','Timmie','A0',NULL,'34567892','Ndirangu','B2','Wairimu','B4','A5',3010,NULL,NULL),(3012,'2021-05-30','Timmie','A0',NULL,'34567892','Ndirangu','B2','Wairimu','B4','A5',3010,NULL,NULL),(3013,'2021-05-30','Timmie','A0',NULL,'34567892','Ndirangu','B2','Wairimu','B4','A5',3010,NULL,NULL),(3014,'2021-05-30','Timmie','A0',NULL,'34567892','Ndirangu','Single','Wairimu','B4','A5',3010,NULL,NULL),(3015,'2021-05-30','Timmie','A0',NULL,'34567892','Ndirangu','B2','Wairimu','B4','A5',3010,NULL,NULL),(5003,'1997-04-28','Sarah','M',NULL,'23456345','Nzia','Single','Wambua','Ongata Rongai','Mr.',5002,NULL,NULL);
/*!40000 ALTER TABLE `guarantors` ENABLE KEYS */;
UNLOCK TABLES;

--
-- Table structure for table `header_seq`
--

DROP TABLE IF EXISTS `header_seq`;
/*!40101 SET @saved_cs_client     = @@character_set_client */;
/*!40101 SET character_set_client = utf8 */;
CREATE TABLE `header_seq` (
  `next_not_cached_value` bigint(21) NOT NULL,
  `minimum_value` bigint(21) NOT NULL,
  `maximum_value` bigint(21) NOT NULL,
  `start_value` bigint(21) NOT NULL COMMENT 'start value when sequences is created or value if RESTART is used',
  `increment` bigint(21) NOT NULL COMMENT 'increment value',
  `cache_size` bigint(21) unsigned NOT NULL,
  `cycle_option` tinyint(1) unsigned NOT NULL COMMENT '0 if no cycles are allowed, 1 if the sequence should begin a new cycle when maximum_value is passed',
  `cycle_count` bigint(21) NOT NULL COMMENT 'How many cycles have been done'
) ENGINE=InnoDB SEQUENCE=1;
/*!40101 SET character_set_client = @saved_cs_client */;

--
-- Dumping data for table `header_seq`
--

LOCK TABLES `header_seq` WRITE;
/*!40000 ALTER TABLE `header_seq` DISABLE KEYS */;
INSERT INTO `header_seq` VALUES (112000,1,9223372036854775806,100000,1,1000,0,0);
/*!40000 ALTER TABLE `header_seq` ENABLE KEYS */;
UNLOCK TABLES;

--
-- Table structure for table `hibernate_sequence`
--

DROP TABLE IF EXISTS `hibernate_sequence`;
/*!40101 SET @saved_cs_client     = @@character_set_client */;
/*!40101 SET character_set_client = utf8 */;
CREATE TABLE `hibernate_sequence` (
  `next_not_cached_value` bigint(21) NOT NULL,
  `minimum_value` bigint(21) NOT NULL,
  `maximum_value` bigint(21) NOT NULL,
  `start_value` bigint(21) NOT NULL COMMENT 'start value when sequences is created or value if RESTART is used',
  `increment` bigint(21) NOT NULL COMMENT 'increment value',
  `cache_size` bigint(21) unsigned NOT NULL,
  `cycle_option` tinyint(1) unsigned NOT NULL COMMENT '0 if no cycles are allowed, 1 if the sequence should begin a new cycle when maximum_value is passed',
  `cycle_count` bigint(21) NOT NULL COMMENT 'How many cycles have been done'
) ENGINE=InnoDB SEQUENCE=1;
/*!40101 SET character_set_client = @saved_cs_client */;

--
-- Dumping data for table `hibernate_sequence`
--

LOCK TABLES `hibernate_sequence` WRITE;
/*!40000 ALTER TABLE `hibernate_sequence` DISABLE KEYS */;
INSERT INTO `hibernate_sequence` VALUES (5001,1,9223372036854775806,1,1,1000,0,0);
/*!40000 ALTER TABLE `hibernate_sequence` ENABLE KEYS */;
UNLOCK TABLES;

--
-- Table structure for table `information_master`
--

DROP TABLE IF EXISTS `information_master`;
/*!40101 SET @saved_cs_client     = @@character_set_client */;
/*!40101 SET character_set_client = utf8 */;
CREATE TABLE `information_master` (
  `sn` int(11) NOT NULL AUTO_INCREMENT,
  `info_code` varchar(2) COLLATE utf8mb4_bin DEFAULT NULL,
  `description` varchar(100) COLLATE utf8mb4_bin DEFAULT NULL,
  `type` varchar(20) COLLATE utf8mb4_bin DEFAULT NULL,
  `Value` varchar(40) COLLATE utf8mb4_bin NOT NULL,
  PRIMARY KEY (`sn`)
) ENGINE=InnoDB AUTO_INCREMENT=26 DEFAULT CHARSET=utf8mb4 COLLATE=utf8mb4_bin;
/*!40101 SET character_set_client = @saved_cs_client */;

--
-- Dumping data for table `information_master`
--

LOCK TABLES `information_master` WRITE;
/*!40000 ALTER TABLE `information_master` DISABLE KEYS */;
INSERT INTO `information_master` VALUES (1,'A0','Male','gender','M'),(2,'A1','Female','gender','F'),(3,'A2','Mr.','salutation','Mr.'),(4,'A3','Mrs.','salutation','Mrs.'),(5,'A4','Ms.','salutation','Ms.'),(6,'A5','Doctor','salutation','Dr.'),(7,'A6','Professor','salutation','Prof.'),(8,'A7','Reverend','salutation','Rev.'),(9,'A8','Bishop','salutation','Bishop'),(10,'A9','Pastor','salutation','Pst.'),(11,'B0','Single','marital','Single'),(12,'B1','Married','marital','Married'),(13,'B2','Divorced','marital','Divorced'),(14,'B3','Owned Property','residential','Owned'),(15,'B4','Livig in a Rental','residential','Rental'),(16,'B5','family Property','residential','Family'),(17,'B6','Father','relationship','Father'),(18,'B7','Mother','relationship','Mother'),(19,'B8','Son','relationship','Son'),(20,'B9','Daughter','relationship','Daughter'),(21,'C0','Uncle','relationship','Uncle'),(22,'C1','Aunt','relationship','Aunt'),(23,'C2','Cousin','relationship','Cousin'),(24,'C3','Mombasa County','county','Mombasa'),(25,'C4','Nairobi County','county','Nairobi');
/*!40000 ALTER TABLE `information_master` ENABLE KEYS */;
UNLOCK TABLES;

--
-- Table structure for table `interest_definition`
--

DROP TABLE IF EXISTS `interest_definition`;
/*!40101 SET @saved_cs_client     = @@character_set_client */;
/*!40101 SET character_set_client = utf8 */;
CREATE TABLE `interest_definition` (
  `interest_sn` int(11) NOT NULL AUTO_INCREMENT,
  `created_by` int(11) DEFAULT NULL,
  `created_on` datetime(6) DEFAULT NULL,
  `currency` varchar(5) COLLATE utf8mb4_bin DEFAULT NULL,
  `end_date` datetime(6) DEFAULT NULL,
  `full_diff` varchar(255) COLLATE utf8mb4_bin DEFAULT NULL,
  `interest_code` varchar(255) COLLATE utf8mb4_bin DEFAULT NULL,
  `modified_by` int(11) DEFAULT NULL,
  `modified_on` datetime(6) DEFAULT NULL,
  `start_date` datetime(6) DEFAULT NULL,
  `verified_by` int(11) DEFAULT NULL,
  `verified_flag` varchar(1) COLLATE utf8mb4_bin NOT NULL,
  `verified_on` date DEFAULT NULL,
  PRIMARY KEY (`interest_sn`)
) ENGINE=InnoDB AUTO_INCREMENT=2 DEFAULT CHARSET=utf8mb4 COLLATE=utf8mb4_bin;
/*!40101 SET character_set_client = @saved_cs_client */;

--
-- Dumping data for table `interest_definition`
--

LOCK TABLES `interest_definition` WRITE;
/*!40000 ALTER TABLE `interest_definition` DISABLE KEYS */;
INSERT INTO `interest_definition` VALUES (1,1,'2021-05-10 03:00:00.000000','KES',NULL,'F','IN01',1,'2021-05-10 03:00:00.000000','2021-05-10 03:00:00.000000',1,'Y','2021-05-10');
/*!40000 ALTER TABLE `interest_definition` ENABLE KEYS */;
UNLOCK TABLES;

--
-- Table structure for table `loan_demand`
--

DROP TABLE IF EXISTS `loan_demand`;
/*!40101 SET @saved_cs_client     = @@character_set_client */;
/*!40101 SET character_set_client = utf8 */;
CREATE TABLE `loan_demand` (
  `sn` int(11) NOT NULL AUTO_INCREMENT,
  `acid` varchar(15) COLLATE utf8mb4_bin NOT NULL,
  `adj_amount` double DEFAULT NULL,
  `adj_date` datetime(6) DEFAULT NULL,
  `created_by` varchar(6) COLLATE utf8mb4_bin NOT NULL,
  `created_on` datetime(6) NOT NULL,
  `deleted_flag` varchar(1) COLLATE utf8mb4_bin NOT NULL,
  `demand_amount` double NOT NULL,
  `demand_code` varchar(10) COLLATE utf8mb4_bin DEFAULT NULL,
  `demand_date` date NOT NULL,
  `demand_type` varchar(5) COLLATE utf8mb4_bin NOT NULL,
  `loan_sn` int(11) DEFAULT NULL,
  PRIMARY KEY (`sn`),
  KEY `FKmfy02p5cpn7kqy9hyj5jt6xfh` (`loan_sn`),
  CONSTRAINT `FKmfy02p5cpn7kqy9hyj5jt6xfh` FOREIGN KEY (`loan_sn`) REFERENCES `loans` (`loan_sn`)
) ENGINE=InnoDB AUTO_INCREMENT=237 DEFAULT CHARSET=utf8mb4 COLLATE=utf8mb4_bin;
/*!40101 SET character_set_client = @saved_cs_client */;

--
-- Dumping data for table `loan_demand`
--

LOCK TABLES `loan_demand` WRITE;
/*!40000 ALTER TABLE `loan_demand` DISABLE KEYS */;
INSERT INTO `loan_demand` VALUES (228,'S001L1N112144',150,'2021-06-23 15:46:06.720000','SYSTEM','2021-06-23 15:46:06.720000','N',150,'','2021-06-22','INFEE',11110),(229,'S001L1N112144',300,'2021-06-23 16:12:44.310000','SYSTEM','2021-06-23 15:46:06.720000','N',300,'','2021-06-22','PRFEE',11110),(230,'S002L1N112151',0,'2021-06-23 16:06:08.976000','SYSTEM','2021-06-23 16:06:08.976000','N',300,'','2021-06-23','PRFEE',11111),(231,'S001L1N112152',0,'2021-06-23 16:28:50.291000','SYSTEM','2021-06-23 16:28:50.291000','N',300,'','2021-06-23','PRFEE',11112),(232,'S001L1N112153',300,'2021-06-23 16:28:50.291000','SYSTEM','2021-06-23 16:28:50.291000','N',300,'','2021-06-23','PRFEE',11113),(233,'S001L1N112160',0,'2021-06-23 16:28:50.291000','SYSTEM','2021-06-23 16:28:50.291000','N',300,'','2021-06-23','PRFEE',11114),(234,'S001L1N112161',0,'2021-06-23 16:28:50.291000','SYSTEM','2021-06-23 16:28:50.291000','N',300,'','2021-06-23','PRFEE',11114),(235,'S002L1N112161',0,'2021-06-23 16:28:50.291000','SYSTEM','2021-06-23 16:28:50.291000','N',300,'','2021-06-23','PRFEE',11116),(236,'S002L1N112163',0,'2021-06-23 16:28:50.291000','SYSTEM','2021-06-23 16:28:50.291000','N',300,'','2021-06-23','PRFEE',11116);
/*!40000 ALTER TABLE `loan_demand` ENABLE KEYS */;
UNLOCK TABLES;

--
-- Table structure for table `loan_seq`
--

DROP TABLE IF EXISTS `loan_seq`;
/*!40101 SET @saved_cs_client     = @@character_set_client */;
/*!40101 SET character_set_client = utf8 */;
CREATE TABLE `loan_seq` (
  `next_not_cached_value` bigint(21) NOT NULL,
  `minimum_value` bigint(21) NOT NULL,
  `maximum_value` bigint(21) NOT NULL,
  `start_value` bigint(21) NOT NULL COMMENT 'start value when sequences is created or value if RESTART is used',
  `increment` bigint(21) NOT NULL COMMENT 'increment value',
  `cache_size` bigint(21) unsigned NOT NULL,
  `cycle_option` tinyint(1) unsigned NOT NULL COMMENT '0 if no cycles are allowed, 1 if the sequence should begin a new cycle when maximum_value is passed',
  `cycle_count` bigint(21) NOT NULL COMMENT 'How many cycles have been done'
) ENGINE=InnoDB SEQUENCE=1;
/*!40101 SET character_set_client = @saved_cs_client */;

--
-- Dumping data for table `loan_seq`
--

LOCK TABLES `loan_seq` WRITE;
/*!40000 ALTER TABLE `loan_seq` DISABLE KEYS */;
INSERT INTO `loan_seq` VALUES (12100,1,9223372036854775806,100,1,1000,0,0);
/*!40000 ALTER TABLE `loan_seq` ENABLE KEYS */;
UNLOCK TABLES;

--
-- Table structure for table `loans`
--

DROP TABLE IF EXISTS `loans`;
/*!40101 SET @saved_cs_client     = @@character_set_client */;
/*!40101 SET character_set_client = utf8 */;
CREATE TABLE `loans` (
  `loan_sn` int(11) NOT NULL,
  `disbursement_amount` double NOT NULL,
  `interest_demand_amount` double NOT NULL,
  `next_repayment_date` date DEFAULT NULL,
  `overflow_amount` double NOT NULL,
  `principal_demand_amount` double NOT NULL,
  `repayment_period` int(11) NOT NULL,
  `sum_principal_demand` double NOT NULL,
  `account_sn` int(11) NOT NULL,
  `demand_carry_forward` int(11) NOT NULL,
  PRIMARY KEY (`loan_sn`),
  UNIQUE KEY `UK_qsfpus46m0htevo3g41w8jsca` (`account_sn`),
  CONSTRAINT `FKlu9y7r99rj1vi3lgaa0efmusl` FOREIGN KEY (`account_sn`) REFERENCES `accounts` (`account_sn`)
) ENGINE=InnoDB DEFAULT CHARSET=utf8mb4 COLLATE=utf8mb4_bin;
/*!40101 SET character_set_client = @saved_cs_client */;

--
-- Dumping data for table `loans`
--

LOCK TABLES `loans` WRITE;
/*!40000 ALTER TABLE `loans` DISABLE KEYS */;
INSERT INTO `loans` VALUES (11110,30004,300,'2021-06-23',1550,100,30,0,12144,0),(11111,50000,5000,'2021-06-24',0,892.8571428571429,56,0,12151,0),(11112,3000,300,'2021-06-24',0,100,30,0,12152,0),(11113,3000,300,'2021-06-24',700,100,30,0,12153,0),(11114,48999,4899.900000000001,'2021-06-24',0,1088.8666666666666,45,0,12160,0),(11116,7852,785.2000000000002,'2021-06-24',0,327.1666666666667,24,0,12162,0);
/*!40000 ALTER TABLE `loans` ENABLE KEYS */;
UNLOCK TABLES;

--
-- Table structure for table `next_of_kins`
--

DROP TABLE IF EXISTS `next_of_kins`;
/*!40101 SET @saved_cs_client     = @@character_set_client */;
/*!40101 SET character_set_client = utf8 */;
CREATE TABLE `next_of_kins` (
  `kin_id` int(11) NOT NULL AUTO_INCREMENT,
  `first_name` varchar(20) COLLATE utf8mb4_bin DEFAULT NULL,
  `last_name` varchar(20) COLLATE utf8mb4_bin DEFAULT NULL,
  `middle_name` varchar(20) COLLATE utf8mb4_bin DEFAULT NULL,
  `occupation` varchar(20) COLLATE utf8mb4_bin DEFAULT NULL,
  `relation_to_borrower` varchar(20) COLLATE utf8mb4_bin DEFAULT NULL,
  `customer_id` int(11) NOT NULL,
  PRIMARY KEY (`kin_id`),
  KEY `FKeqipmoatitf6cmxih2e98ec8d` (`customer_id`),
  CONSTRAINT `FKeqipmoatitf6cmxih2e98ec8d` FOREIGN KEY (`customer_id`) REFERENCES `customers` (`sn`)
) ENGINE=InnoDB AUTO_INCREMENT=4 DEFAULT CHARSET=utf8mb4 COLLATE=utf8mb4_bin;
/*!40101 SET character_set_client = @saved_cs_client */;

--
-- Dumping data for table `next_of_kins`
--

LOCK TABLES `next_of_kins` WRITE;
/*!40000 ALTER TABLE `next_of_kins` DISABLE KEYS */;
INSERT INTO `next_of_kins` VALUES (1,'James','Kamau','Maina','Doctor','Brother',2000),(3,'Wilfred','mwangi njuguna','Mwithi',NULL,'C0',3010);
/*!40000 ALTER TABLE `next_of_kins` ENABLE KEYS */;
UNLOCK TABLES;

--
-- Table structure for table `part_tran`
--

DROP TABLE IF EXISTS `part_tran`;
/*!40101 SET @saved_cs_client     = @@character_set_client */;
/*!40101 SET character_set_client = utf8 */;
CREATE TABLE `part_tran` (
  `sn` int(11) NOT NULL,
  `acid` varchar(255) COLLATE utf8mb4_bin NOT NULL,
  `part_tran_sn` int(11) NOT NULL,
  `part_tran_type` varchar(1) COLLATE utf8mb4_bin NOT NULL,
  `tran_amount` double NOT NULL,
  `tran_id` int(11) NOT NULL,
  `tran_date` date DEFAULT NULL,
  `tran_particulars` varchar(255) COLLATE utf8mb4_bin DEFAULT NULL,
  `ISO_account` varchar(1) COLLATE utf8mb4_bin NOT NULL,
  PRIMARY KEY (`sn`),
  KEY `FK6d8d9mumyb0798vmvjtnu2119` (`tran_id`),
  CONSTRAINT `FK6d8d9mumyb0798vmvjtnu2119` FOREIGN KEY (`tran_id`) REFERENCES `tran_headers` (`tran_id`)
) ENGINE=InnoDB DEFAULT CHARSET=utf8mb4 COLLATE=utf8mb4_bin;
/*!40101 SET character_set_client = @saved_cs_client */;

--
-- Dumping data for table `part_tran`
--

LOCK TABLES `part_tran` WRITE;
/*!40000 ALTER TABLE `part_tran` DISABLE KEYS */;
INSERT INTO `part_tran` VALUES (4002,'S001L1N11128',1,'D',300,105001,'2021-05-24','Debiting the Repayment Account with the Interest Demand repaid Amount','N'),(4003,'S001L1N11130',2,'D',300,105001,'2021-05-24','Debiting Interest Accrual Account with Interest Amount Repaid','N'),(4004,'S001L1N11131',3,'C',100,105001,'2021-05-24','Crediting Customer Loan Account with Principal Demand Repayment Amount','N'),(4005,'S001L1N11131',4,'C',300,105001,'2021-05-24','Crediting Customer Loan Account with the Interest Demand Repaid Amount','N'),(4006,'S001L1N11129',5,'C',300,105001,'2021-05-24','Crediting Interest Income Account with Interest Amount Repaid','N'),(4007,'S001L1N11128',6,'D',100,105001,'2021-05-24','Debiting the Repayment Account with the Principal Demand Amount','N'),(4009,'S001L1N11127',1,'C',3000,105003,'2021-05-24','Crediting Loan Disbursement Table','N'),(4010,'S001L1N11129',2,'C',100,105003,'2021-05-24','Crediting the Interest Income Account with Processing Fee','N'),(4011,'S001L1N15101',3,'D',100,105003,'2021-05-24','Debiting Customer Loan Account with Loan Processing fee','N'),(4012,'S001L1N15101',4,'D',3000,105003,'2021-05-24','Debiting Customer Loa Account with Principal Demand Amount','N'),(4013,'S001L1N11130',5,'C',9000,105003,'2021-05-24','Crediting Interest Accrual Account','N'),(4014,'S001L1N15101',6,'D',150,105003,'2021-05-24','Debiting Customer Loan Account with the Loan Intake Fee','N'),(4015,'S001L1N11129',7,'C',150,105003,'2021-05-24','Crediting Interest Income Account with Loan Intake fee','N'),(4016,'S001L1N15101',8,'D',9000,105003,'2021-05-24','Debiting Customer Loan Account with Interest Demand Amount','N'),(4017,'S001L1N11127',1,'C',3000,105004,'2021-05-24','Crediting Loan Disbursement Table','N'),(4018,'S001L1N11129',2,'C',100,105004,'2021-05-24','Crediting the Interest Income Account with Processing Fee','N'),(4019,'S001L1N15102',3,'D',150,105004,'2021-05-24','Debiting Customer Loan Account with the Loan Intake Fee','N'),(4020,'S001L1N11129',4,'C',150,105004,'2021-05-24','Crediting Interest Income Account with Loan Intake fee','N'),(4021,'S001L1N15102',5,'D',3000,105004,'2021-05-24','Debiting Customer Loa Account with Principal Demand Amount','N'),(4022,'S001L1N11130',6,'C',9000,105004,'2021-05-24','Crediting Interest Accrual Account','N'),(4023,'S001L1N15102',7,'D',9000,105004,'2021-05-24','Debiting Customer Loan Account with Interest Demand Amount','N'),(4024,'S001L1N15102',8,'D',100,105004,'2021-05-24','Debiting Customer Loan Account with Loan Processing fee','N'),(5001,'S001L1N11129',1,'C',150,106000,'2021-05-25','Crediting Interest Income Account with Loan Intake fee','N'),(5002,'S001L1N16102',2,'D',9000,106000,'2021-05-25','Debiting Customer Loan Account with Interest Demand Amount','N'),(5003,'S001L1N16102',3,'D',100,106000,'2021-05-25','Debiting Customer Loan Account with Loan Processing fee','N'),(5004,'S001L1N11127',4,'C',3000,106000,'2021-05-25','Crediting Loan Disbursement Table','N'),(5005,'S001L1N11130',5,'C',9000,106000,'2021-05-25','Crediting Interest Accrual Account','N'),(5006,'S001L1N16102',6,'D',150,106000,'2021-05-25','Debiting Customer Loan Account with the Loan Intake Fee','N'),(5007,'S001L1N16102',7,'D',3000,106000,'2021-05-25','Debiting Customer Loa Account with Principal Demand Amount','N'),(5008,'S001L1N11129',8,'C',100,106000,'2021-05-25','Crediting the Interest Income Account with Processing Fee','N'),(5009,'S001L1N11131',1,'C',300,106001,'2021-05-25','Crediting Customer Loan Account with the Interest Demand Repaid Amount','N'),(5010,'S001L1N11131',2,'C',100,106001,'2021-05-25','Crediting Customer Loan Account with Principal Demand Repayment Amount','N'),(5011,'S001L1N11128',3,'D',100,106001,'2021-05-25','Debiting the Repayment Account with the Principal Demand Amount','N'),(5012,'S001L1N11129',4,'C',300,106001,'2021-05-25','Crediting Interest Income Account with Interest Amount Repaid','N'),(5013,'S001GSH15103',5,'C',1000,106001,'2021-05-25','Account Deposit','N'),(5014,'S001L1N11130',6,'D',300,106001,'2021-05-25','Debiting Interest Accrual Account with Interest Amount Repaid','N'),(5015,'S001L1N11128',7,'D',300,106001,'2021-05-25','Debiting the Repayment Account with the Interest Demand repaid Amount','N'),(5016,'S001GSH15103',8,'D',1000,106001,'2021-05-25','Account Deposit','N'),(5017,'S001L1N11127',9,'D',1000,106001,'2021-05-25','Account Deposit','N'),(5018,'S001L1N11131',10,'C',1000,106001,'2021-05-25','Account Deposit','N'),(5019,'S001GSH15103',1,'D',1000,106002,'2021-05-25','Account Deposit','N'),(5020,'S002GSH16101',2,'C',1000,106002,'2021-05-25','Account Deposit','N'),(5021,'S001L1N11127',3,'D',1000,106002,'2021-05-25','Account Deposit','N'),(5022,'S001L1N11131',4,'C',1000,106002,'2021-05-25','Account Deposit','N'),(6001,'S001L1N11129',1,'C',150,107000,'2021-06-03','Crediting Interest Income Account with Loan Intake fee','N'),(6002,'S001L1N17102',2,'D',3000,107000,'2021-06-03','Debiting Customer Loa Account with Principal Demand Amount','N'),(6003,'S001L1N17102',3,'D',150,107000,'2021-06-03','Debiting Customer Loan Account with the Loan Intake Fee','N'),(6004,'S001L1N11127',4,'C',3000,107000,'2021-06-03','Crediting Loan Disbursement Table','N'),(6005,'S001L1N17102',5,'D',9000,107000,'2021-06-03','Debiting Customer Loan Account with Interest Demand Amount','N'),(6006,'S001L1N17102',6,'D',100,107000,'2021-06-03','Debiting Customer Loan Account with Loan Processing fee','N'),(6007,'S001L1N11129',7,'C',100,107000,'2021-06-03','Crediting the Interest Income Account with Processing Fee','N'),(6008,'S001L1N11130',8,'C',9000,107000,'2021-06-03','Crediting Interest Accrual Account','N'),(7001,'S001L1N18101',1,'D',150,108000,'2021-06-17','Debiting Customer Loan Account with the Loan Intake Fee','N'),(7002,'S001L1N11129',2,'C',150,108000,'2021-06-17','Crediting Interest Income Account with Loan Intake fee','N'),(7003,'S001L1N11127',3,'C',15000,108000,'2021-06-17','Crediting Loan Disbursement Table','N'),(7004,'S001L1N11130',4,'C',22500,108000,'2021-06-17','Crediting Interest Accrual Account','N'),(7005,'S001L1N11129',5,'C',200,108000,'2021-06-17','Crediting the Interest Income Account with Processing Fee','N'),(7006,'S001L1N18101',6,'D',15000,108000,'2021-06-17','Debiting Customer Loa Account with Principal Demand Amount','N'),(7007,'S001L1N18101',7,'D',22500,108000,'2021-06-17','Debiting Customer Loan Account with Interest Demand Amount','N'),(7008,'S001L1N18101',8,'D',200,108000,'2021-06-17','Debiting Customer Loan Account with Loan Processing fee','N'),(8001,'S001GSH15103',1,'D',1000,109000,'2021-06-18','Account Deposit','N'),(8002,'S001L1N11127',2,'D',1000,109000,'2021-06-18','Account Deposit','N'),(8003,'S002GSH16101',3,'C',1000,109000,'2021-06-18','Account Deposit','N'),(8004,'S001L1N11131',4,'C',1000,109000,'2021-06-18','Account Deposit','N'),(8005,'S001L1N11131',1,'C',1000,109004,'2021-06-18','Account Deposit','N'),(8006,'S001L1N11127',2,'D',1000,109004,'2021-06-18','Account Deposit','N'),(8007,'S002GSH16101',1,'C',1000,109006,'2021-06-18','Account Deposit','N'),(8008,'S001GSH15103',2,'D',1000,109006,'2021-06-18','Account Deposit','N'),(8009,'S001L1N11127',3,'D',1000,109006,'2021-06-18','Account Deposit','N'),(8010,'S001L1N11131',4,'C',1000,109006,'2021-06-18','Account Deposit','N'),(8012,'S001L1N11127',1,'D',1000,109012,'2021-06-18','Account Deposit','N'),(8013,'S001L1N14112',2,'C',1000,109012,'2021-06-18','Account Deposit','N'),(8014,'S001L1N11127',1,'D',1000,109015,'2021-06-18','Account Deposit','N'),(8015,'S001L1N14112',2,'C',1000,109015,'2021-06-18','Account Deposit','N'),(8016,'S002GSH16101',3,'C',1000,109015,'2021-06-18','Account Deposit','N'),(8017,'S001GSH15103',4,'D',1000,109015,'2021-06-18','Account Deposit','N'),(8018,'S002GSH16101',1,'C',4000,109017,'2021-06-18','Account Deposit','N'),(8019,'S001GSH15103',2,'D',4000,109017,'2021-06-18','Account Deposit','N'),(8020,'S001L1N14112',3,'C',4000,109017,'2021-06-18','Account Deposit','N'),(8021,'S001L1N11127',4,'D',4000,109017,'2021-06-18','Account Deposit','N'),(8022,'S001L1N11127',1,'D',1000,109019,'2021-06-21','Account Deposit','N'),(8023,'S001L1N15101',2,'C',300,109019,'2021-06-21','Crediting Customer Loan Account with the Interest Demand Repaid Amount','N'),(8024,'S001L1N11127',3,'D',100,109019,'2021-06-21','PROCESSING FEE repayment','N'),(8025,'S001L1N11130',4,'D',300,109019,'2021-06-21','Debiting Interest Accrual Account with Interest Amount Repaid','N'),(8026,'S001L1N11129',5,'C',300,109019,'2021-06-21','Crediting Interest Income Account with Interest Amount Repaid','N'),(8027,'S001L1N15101',6,'C',1000,109019,'2021-06-21','Account Deposit','N'),(8028,'S001L1N11128',7,'D',300,109019,'2021-06-21','Debiting the Repayment Account with the Interest Demand repaid Amount','N'),(8029,'S001L1N15101',8,'C',100,109019,'2021-06-21','Crediting Customer Loan Account with Principal Demand Repayment Amount','N'),(8030,'S001L1N11128',9,'D',100,109019,'2021-06-21','Debiting the Repayment Account with the Principal Demand Amount','N'),(8031,'S001L1N15101',10,'C',100,109019,'2021-06-21','INTAKE FEE repayment','N'),(8032,'S001L6N610103',1,'D',100,109020,'2021-06-21','Debiting Customer Loan Account with the Loan Intake Fee','N'),(8033,'S001L6N610103',2,'D',600,109020,'2021-06-21','Debiting Customer Loan Account with Interest Demand Amount','N'),(8034,'S001L1N11129',3,'C',100,109020,'2021-06-21','Crediting the Interest Income Account with Processing Fee','N'),(8035,'S001L1N11128',4,'C',600,109020,'2021-06-21','Crediting Interest Accrual Account','N'),(8036,'S001L6N610103',5,'D',100,109020,'2021-06-21','Debiting Customer Loan Account with Loan Processing fee','N'),(8037,'S001L6N610103',6,'D',1000,109020,'2021-06-21','Debiting Customer Loa Account with Principal Demand Amount','N'),(8038,'S001L1N11127',7,'C',1000,109020,'2021-06-21','Crediting Loan Disbursement Table','N'),(8039,'S001L1N11129',8,'C',100,109020,'2021-06-21','Crediting Interest Income Account with Loan Intake fee','N'),(8040,'S001L1N11127',1,'C',1000,109021,'2021-06-21','Crediting Loan Disbursement Table','N'),(8041,'S001L1N11128',2,'C',600,109021,'2021-06-21','Crediting Interest Accrual Account','N'),(8042,'S001L6N610104',3,'D',100,109021,'2021-06-21','Debiting Customer Loan Account with Loan Processing fee','N'),(8043,'S001L6N610104',4,'D',100,109021,'2021-06-21','Debiting Customer Loan Account with the Loan Intake Fee','N'),(8044,'S001L1N11129',5,'C',100,109021,'2021-06-21','Crediting Interest Income Account with Loan Intake fee','N'),(8045,'S001L6N610104',6,'D',1000,109021,'2021-06-21','Debiting Customer Loa Account with Principal Demand Amount','N'),(8046,'S001L1N11129',7,'C',100,109021,'2021-06-21','Crediting the Interest Income Account with Processing Fee','N'),(8047,'S001L6N610104',8,'D',600,109021,'2021-06-21','Debiting Customer Loan Account with Interest Demand Amount','N'),(8048,'S001L1N11129',1,'C',100,109022,'2021-06-21','Crediting the Interest Income Account with Processing Fee','N'),(8049,'S001L1N11128',2,'C',600,109022,'2021-06-21','Crediting Interest Accrual Account','N'),(8050,'S001L1N11127',3,'C',1000,109022,'2021-06-21','Crediting Loan Disbursement Table','N'),(8051,'S001L6N610105',4,'D',1000,109022,'2021-06-21','Debiting Customer Loa Account with Principal Demand Amount','N'),(8052,'S001L6N610105',5,'D',100,109022,'2021-06-21','Debiting Customer Loan Account with the Loan Intake Fee','N'),(8053,'S001L1N11129',6,'C',100,109022,'2021-06-21','Crediting Interest Income Account with Loan Intake fee','N'),(8054,'S001L6N610105',7,'D',100,109022,'2021-06-21','Debiting Customer Loan Account with Loan Processing fee','N'),(8055,'S001L6N610105',8,'D',600,109022,'2021-06-21','Debiting Customer Loan Account with Interest Demand Amount','N'),(8056,'S001L6N610106',1,'D',1000,109023,'2021-06-21','Debiting Customer Loa Account with Principal Demand Amount','N'),(8057,'S001L1N11129',2,'C',100,109023,'2021-06-21','Crediting Interest Income Account with Loan Intake fee','N'),(8058,'S001L6N610106',3,'D',100,109023,'2021-06-21','Debiting Customer Loan Account with the Loan Intake Fee','N'),(8059,'S001L6N610106',4,'D',600,109023,'2021-06-21','Debiting Customer Loan Account with Interest Demand Amount','N'),(8060,'S001L1N11129',5,'C',100,109023,'2021-06-21','Crediting the Interest Income Account with Processing Fee','N'),(8061,'S001L6N610106',6,'D',100,109023,'2021-06-21','Debiting Customer Loan Account with Loan Processing fee','N'),(8062,'S001L1N11127',7,'C',1000,109023,'2021-06-21','Crediting Loan Disbursement Table','N'),(8063,'S001L1N11128',8,'C',600,109023,'2021-06-21','Crediting Interest Accrual Account','N'),(8064,'S001L1N11128',1,'C',600,109024,'2021-06-21','Crediting Interest Accrual Account','N'),(8065,'S001L1N11127',2,'C',1000,109024,'2021-06-21','Crediting Loan Disbursement Table','N'),(8066,'S001L1N11129',3,'C',100,109024,'2021-06-21','Crediting the Interest Income Account with Processing Fee','N'),(8067,'S001L6N610107',4,'D',100,109024,'2021-06-21','Debiting Customer Loan Account with the Loan Intake Fee','N'),(8068,'S001L6N610107',5,'D',100,109024,'2021-06-21','Debiting Customer Loan Account with Loan Processing fee','N'),(8069,'S001L6N610107',6,'D',1000,109024,'2021-06-21','Debiting Customer Loa Account with Principal Demand Amount','N'),(8070,'S001L1N11129',7,'C',100,109024,'2021-06-21','Crediting Interest Income Account with Loan Intake fee','N'),(8071,'S001L6N610107',8,'D',600,109024,'2021-06-21','Debiting Customer Loan Account with Interest Demand Amount','N'),(8072,'S001L6N610109',1,'D',100,109025,'2021-06-21','Debiting Customer Loan Account with the Loan Intake Fee','N'),(8073,'S001L6N610109',2,'D',600,109025,'2021-06-21','Debiting Customer Loan Account with Interest Demand Amount','N'),(8074,'S001L1N11129',3,'C',100,109025,'2021-06-21','Crediting the Interest Income Account with Processing Fee','N'),(8075,'S001L1N11129',4,'C',100,109025,'2021-06-21','Crediting Interest Income Account with Loan Intake fee','N'),(8076,'S001L6N610109',5,'D',100,109025,'2021-06-21','Debiting Customer Loan Account with Loan Processing fee','N'),(8077,'S001L6N610109',6,'D',1000,109025,'2021-06-21','Debiting Customer Loa Account with Principal Demand Amount','N'),(8078,'S001L1N11128',7,'C',600,109025,'2021-06-21','Crediting Interest Accrual Account','N'),(8079,'S001L1N11127',8,'C',1000,109025,'2021-06-21','Crediting Loan Disbursement Table','N'),(8080,'S001L1N11129',1,'C',100,109026,'2021-06-21','Crediting the Interest Income Account with Processing Fee','N'),(8081,'S001L6N610111',2,'D',100,109026,'2021-06-21','Debiting Customer Loan Account with the Loan Intake Fee','N'),(8082,'S001L1N11129',3,'C',100,109026,'2021-06-21','Crediting Interest Income Account with Loan Intake fee','N'),(8083,'S001L6N610111',4,'D',1000,109026,'2021-06-21','Debiting Customer Loa Account with Principal Demand Amount','N'),(8084,'S001L6N610111',5,'D',100,109026,'2021-06-21','Debiting Customer Loan Account with Loan Processing fee','N'),(8085,'S001L6N610111',6,'D',600,109026,'2021-06-21','Debiting Customer Loan Account with Interest Demand Amount','N'),(8086,'S001L1N11128',7,'C',600,109026,'2021-06-21','Crediting Interest Accrual Account','N'),(8087,'S001L1N11127',8,'C',1000,109026,'2021-06-21','Crediting Loan Disbursement Table','N'),(8088,'S001L1N11129',1,'C',100,109027,'2021-06-21','Crediting the Interest Income Account with Processing Fee','N'),(8089,'S001L6N610112',2,'D',100,109027,'2021-06-21','Debiting Customer Loan Account with the Loan Intake Fee','N'),(8090,'S001L6N610112',3,'D',1000,109027,'2021-06-21','Debiting Customer Loa Account with Principal Demand Amount','N'),(8091,'S001L1N11127',4,'C',1000,109027,'2021-06-21','Crediting Loan Disbursement Table','N'),(8092,'S001L6N610112',5,'D',600,109027,'2021-06-21','Debiting Customer Loan Account with Interest Demand Amount','N'),(8093,'S001L1N11129',6,'C',100,109027,'2021-06-21','Crediting Interest Income Account with Loan Intake fee','N'),(8094,'S001L6N610112',7,'D',100,109027,'2021-06-21','Debiting Customer Loan Account with Loan Processing fee','N'),(8095,'S001L1N11128',8,'C',600,109027,'2021-06-21','Crediting Interest Accrual Account','N'),(9001,'S006L1N111105',1,'D',150,110000,'2021-06-22','Debiting Customer Loan Account with the Loan Intake Fee','N'),(9002,'S001L1N11130',2,'C',480000,110000,'2021-06-22','Crediting Interest Accrual Account','N'),(9003,'S006L1N111105',3,'D',200,110000,'2021-06-22','Debiting Customer Loan Account with Loan Processing fee','N'),(9004,'S001L1N11127',4,'C',400000,110000,'2021-06-22','Crediting Loan Disbursement Table','N'),(9005,'S006L1N111105',5,'D',480000,110000,'2021-06-22','Debiting Customer Loan Account with Interest Demand Amount','N'),(9006,'S006L1N111105',6,'D',400000,110000,'2021-06-22','Debiting Customer Loa Account with Principal Demand Amount','N'),(9007,'S001L1N11129',7,'C',200,110000,'2021-06-22','Crediting the Interest Income Account with Processing Fee','N'),(9008,'S001L1N11129',8,'C',150,110000,'2021-06-22','Crediting Interest Income Account with Loan Intake fee','N'),(9009,'S001L1N11129',1,'C',200,110001,'2021-06-22','Crediting the Interest Income Account with Processing Fee','N'),(9010,'S004L1N111106',2,'D',9000,110001,'2021-06-22','Debiting Customer Loan Account with Interest Demand Amount','N'),(9011,'S001L1N11130',3,'C',9000,110001,'2021-06-22','Crediting Interest Accrual Account','N'),(9012,'S004L1N111106',4,'D',150,110001,'2021-06-22','Debiting Customer Loan Account with the Loan Intake Fee','N'),(9013,'S004L1N111106',5,'D',3000,110001,'2021-06-22','Debiting Customer Loa Account with Principal Demand Amount','N'),(9014,'S001L1N11129',6,'C',150,110001,'2021-06-22','Crediting Interest Income Account with Loan Intake fee','N'),(9015,'S001L1N11127',7,'C',3000,110001,'2021-06-22','Crediting Loan Disbursement Table','N'),(9016,'S004L1N111106',8,'D',200,110001,'2021-06-22','Debiting Customer Loan Account with Loan Processing fee','N'),(9017,'S002L1N111107',1,'D',150,110002,'2021-06-22','Debiting Customer Loan Account with the Loan Intake Fee','N'),(9018,'S002L1N111107',2,'D',2000,110002,'2021-06-22','Debiting Customer Loa Account with Principal Demand Amount','N'),(9019,'S001L1N11129',3,'C',150,110002,'2021-06-22','Crediting Interest Income Account with Loan Intake fee','N'),(9020,'S001L1N11130',4,'C',1400,110002,'2021-06-22','Crediting Interest Accrual Account','N'),(9021,'S001L1N11127',5,'C',2000,110002,'2021-06-22','Crediting Loan Disbursement Table','N'),(9022,'S001L1N11129',6,'C',200,110002,'2021-06-22','Crediting the Interest Income Account with Processing Fee','N'),(9023,'S002L1N111107',7,'D',200,110002,'2021-06-22','Debiting Customer Loan Account with Loan Processing fee','N'),(9024,'S002L1N111107',8,'D',1400,110002,'2021-06-22','Debiting Customer Loan Account with Interest Demand Amount','N'),(10001,'S003L1N111108',1,'D',150,111000,'2021-06-22','Debiting Customer Loan Account with the Loan Intake Fee','N'),(10002,'S001L1N11130',2,'C',202500,111000,'2021-06-22','Crediting Interest Accrual Account','N'),(10003,'S001L1N11129',3,'C',200,111000,'2021-06-22','Crediting the Interest Income Account with Processing Fee','N'),(10004,'S001L1N11129',4,'C',150,111000,'2021-06-22','Crediting Interest Income Account with Loan Intake fee','N'),(10005,'S003L1N111108',5,'D',200,111000,'2021-06-22','Debiting Customer Loan Account with Loan Processing fee','N'),(10006,'S001L1N11127',6,'C',45000,111000,'2021-06-22','Crediting Loan Disbursement Table','N'),(10007,'S003L1N111108',7,'D',202500,111000,'2021-06-22','Debiting Customer Loan Account with Interest Demand Amount','N'),(10008,'S003L1N111108',8,'D',45000,111000,'2021-06-22','Debiting Customer Loa Account with Principal Demand Amount','N'),(10009,'S001L1N112102',1,'D',3000,111001,'2021-06-22','Debiting Customer Loa Account with Principal Demand Amount','N'),(10010,'S001L1N11129',2,'C',300,111001,'2021-06-22','Crediting the Interest Income Account with Processing Fee','N'),(10011,'S001L1N112102',3,'D',9000,111001,'2021-06-22','Debiting Customer Loan Account with Interest Demand Amount','N'),(10012,'S001L1N11129',4,'C',150,111001,'2021-06-22','Crediting Interest Income Account with Loan Intake fee','N'),(10013,'S001L1N112102',5,'D',300,111001,'2021-06-22','Debiting Customer Loan Account with Loan Processing fee','N'),(10014,'S001L1N11127',6,'C',3000,111001,'2021-06-22','Crediting Loan Disbursement Table','N'),(10015,'S001L1N112102',7,'D',150,111001,'2021-06-22','Debiting Customer Loan Account with the Loan Intake Fee','N'),(10016,'S001L1N11130',8,'C',9000,111001,'2021-06-22','Crediting Interest Accrual Account','N'),(10017,'S001L1N11127',1,'C',3000,111002,'2021-06-22','Crediting Loan Disbursement Table','N'),(10018,'S001L1N112102',2,'D',150,111002,'2021-06-22','Debiting Customer Loan Account with the Loan Intake Fee','N'),(10019,'S001L1N112102',3,'D',3000,111002,'2021-06-22','Debiting Customer Loa Account with Principal Demand Amount','N'),(10020,'S001L1N11129',4,'C',300,111002,'2021-06-22','Crediting the Interest Income Account with Processing Fee','N'),(10021,'S001L1N112102',5,'D',9000,111002,'2021-06-22','Debiting Customer Loan Account with Interest Demand Amount','N'),(10022,'S001L1N112102',6,'D',300,111002,'2021-06-22','Debiting Customer Loan Account with Loan Processing fee','N'),(10023,'S001L1N11129',7,'C',150,111002,'2021-06-22','Crediting Interest Income Account with Loan Intake fee','N'),(10024,'S001L1N11130',8,'C',9000,111002,'2021-06-22','Crediting Interest Accrual Account','N'),(10025,'S001L1N11127',1,'C',3000,111003,'2021-06-22','Crediting Loan Disbursement Table','N'),(10026,'S001L1N112102',2,'D',150,111003,'2021-06-22','Debiting Customer Loan Account with the Loan Intake Fee','N'),(10027,'S001L1N112102',3,'D',3000,111003,'2021-06-22','Debiting Customer Loa Account with Principal Demand Amount','N'),(10028,'S001L1N11129',4,'C',300,111003,'2021-06-22','Crediting the Interest Income Account with Processing Fee','N'),(10029,'S001L1N112102',5,'D',9000,111003,'2021-06-22','Debiting Customer Loan Account with Interest Demand Amount','N'),(10030,'S001L1N112102',6,'D',300,111003,'2021-06-22','Debiting Customer Loan Account with Loan Processing fee','N'),(10031,'S001L1N11129',7,'C',150,111003,'2021-06-22','Crediting Interest Income Account with Loan Intake fee','N'),(10032,'S001L1N11130',8,'C',9000,111003,'2021-06-22','Crediting Interest Accrual Account','N'),(10033,'S001L1N11130',1,'C',9000,111004,'2021-06-22','Crediting Interest Accrual Account','N'),(10034,'S001L1N112102',2,'D',300,111004,'2021-06-22','Debiting Customer Loan Account with Loan Processing fee','N'),(10035,'S001L1N11129',3,'C',150,111004,'2021-06-22','Crediting Interest Income Account with Loan Intake fee','N'),(10036,'S001L1N112102',4,'D',9000,111004,'2021-06-22','Debiting Customer Loan Account with Interest Demand Amount','N'),(10037,'S001L1N112102',5,'D',3000,111004,'2021-06-22','Debiting Customer Loa Account with Principal Demand Amount','N'),(10038,'S001L1N11129',6,'C',300,111004,'2021-06-22','Crediting the Interest Income Account with Processing Fee','N'),(10039,'S001L1N112102',7,'D',150,111004,'2021-06-22','Debiting Customer Loan Account with the Loan Intake Fee','N'),(10040,'S001L1N11127',8,'C',3000,111004,'2021-06-22','Crediting Loan Disbursement Table','N'),(10041,'S001L1N112102',1,'D',150,111005,'2021-06-22','Debiting Customer Loan Account with the Loan Intake Fee','N'),(10042,'S001L1N11129',2,'C',300,111005,'2021-06-22','Crediting the Interest Income Account with Processing Fee','N'),(10043,'S001L1N11127',3,'C',3000,111005,'2021-06-22','Crediting Loan Disbursement Table','N'),(10044,'S001L1N112102',4,'D',3000,111005,'2021-06-22','Debiting Customer Loa Account with Principal Demand Amount','N'),(10045,'S001L1N11130',5,'C',9000,111005,'2021-06-22','Crediting Interest Accrual Account','N'),(10046,'S001L1N11129',6,'C',150,111005,'2021-06-22','Crediting Interest Income Account with Loan Intake fee','N'),(10047,'S001L1N112102',7,'D',300,111005,'2021-06-22','Debiting Customer Loan Account with Loan Processing fee','N'),(10048,'S001L1N112102',8,'D',9000,111005,'2021-06-22','Debiting Customer Loan Account with Interest Demand Amount','N'),(10049,'S001L1N11127',1,'D',150,111006,'2021-06-23','INTAKE FEE repayment','N'),(10050,'S001L1N11127',2,'D',1000,111006,'2021-06-23','Account Deposit','N'),(10051,'S004L1N111106',3,'C',150,111006,'2021-06-23','INTAKE FEE repayment','N'),(10052,'S004L1N111106',4,'C',1000,111006,'2021-06-23','Account Deposit','N'),(10053,'S004L1N111106',5,'C',200,111006,'2021-06-23','INTAKE FEE repayment','N'),(10054,'S001L1N11127',6,'D',200,111006,'2021-06-23','PROCESSING FEE repayment','N'),(10055,'S001L1N11127',7,'D',200,111006,'2021-06-23','PROCESSING FEE repayment','N'),(10056,'S004L1N111106',8,'C',150,111006,'2021-06-23','INTAKE FEE repayment','N'),(10057,'S004L1N111106',9,'C',200,111006,'2021-06-23','INTAKE FEE repayment','N'),(10058,'S001L1N11127',10,'D',150,111006,'2021-06-23','INTAKE FEE repayment','N'),(10059,'S001L1N11127',1,'D',1000,111008,'2021-06-23','Account Deposit','N'),(10060,'S004L1N111106',2,'C',1000,111008,'2021-06-23','Account Deposit','N'),(10061,'S004L1N111106',1,'C',1000,111010,'2021-06-23','Account Deposit','N'),(10062,'S001L1N11127',2,'D',1000,111010,'2021-06-23','Account Deposit','N'),(10063,'S004L1N111106',1,'C',1000,111012,'2021-06-23','Account Deposit','N'),(10064,'S001L1N11127',2,'D',1000,111012,'2021-06-23','Account Deposit','N'),(10065,'S004L1N111106',1,'C',1000,111014,'2021-06-23','Account Deposit','N'),(10066,'S001L1N11127',2,'D',1000,111014,'2021-06-23','Account Deposit','N'),(10067,'S004L1N111106',1,'C',1000,111018,'2021-06-23','Account Deposit','N'),(10068,'S001L1N11127',2,'D',1000,111018,'2021-06-23','Account Deposit','N'),(10069,'S001L1N11130',1,'C',2025000,111020,'2021-06-23','Crediting Interest Accrual Account','N'),(10070,'S004L1N112113',2,'D',300,111020,'2021-06-23','Debiting Customer Loan Account with Loan Processing fee','N'),(10071,'S001L1N11129',3,'C',300,111020,'2021-06-23','Crediting the Interest Income Account with Processing Fee','N'),(10072,'S001L1N11127',4,'C',450000,111020,'2021-06-23','Crediting Loan Disbursement Table','N'),(10073,'S004L1N112113',5,'D',2025000,111020,'2021-06-23','Debiting Customer Loan Account with Interest Demand Amount','N'),(10074,'S001L1N11129',6,'C',150,111020,'2021-06-23','Crediting Interest Income Account with Loan Intake fee','N'),(10075,'S004L1N112113',7,'D',450000,111020,'2021-06-23','Debiting Customer Loa Account with Principal Demand Amount','N'),(10076,'S004L1N112113',8,'D',150,111020,'2021-06-23','Debiting Customer Loan Account with the Loan Intake Fee','N'),(10077,'S001L1N112144',1,'D',150,111021,'2021-06-23','Debiting Customer Loan Account with the Loan Intake Fee','N'),(10078,'S001L1N112144',2,'D',3000,111021,'2021-06-23','Debiting Customer Loa Account with Principal Demand Amount','N'),(10079,'S001GSH112135',3,'C',300,111021,'2021-06-23','Crediting the Interest Income Account with Processing Fee','N'),(10080,'S001GSH112135',4,'C',150,111021,'2021-06-23','Crediting Interest Income Account with Loan Intake fee','N'),(10081,'S001GSH112133',5,'C',9000,111021,'2021-06-23','Crediting Interest Accrual Account','N'),(10082,'S001L1N112144',6,'D',9000,111021,'2021-06-23','Debiting Customer Loan Account with Interest Demand Amount','N'),(10083,'S001GSH112137',7,'C',3000,111021,'2021-06-23','Crediting Loan Disbursement Table','N'),(10084,'S001L1N112144',8,'D',300,111021,'2021-06-23','Debiting Customer Loan Account with Loan Processing fee','N'),(10085,'S002L1N112151',1,'D',280000,111022,'2021-06-23','Debiting Customer Loan Account with Interest Demand Amount','N'),(10086,'S002L1N112151',2,'D',50000,111022,'2021-06-23','Debiting Customer Loa Account with Principal Demand Amount','N'),(10087,'S001GSH112135',3,'C',150,111022,'2021-06-23','Crediting Interest Income Account with Loan Intake fee','N'),(10088,'S001GSH112137',4,'C',50000,111022,'2021-06-23','Crediting Loan Disbursement Table','N'),(10089,'S002L1N112151',5,'D',150,111022,'2021-06-23','Debiting Customer Loan Account with the Loan Intake Fee','N'),(10090,'S002L1N112151',6,'D',300,111022,'2021-06-23','Debiting Customer Loan Account with Loan Processing fee','N'),(10091,'S001GSH112133',7,'C',280000,111022,'2021-06-23','Crediting Interest Accrual Account','N'),(10092,'S001GSH112135',8,'C',300,111022,'2021-06-23','Crediting the Interest Income Account with Processing Fee','N'),(10093,'S001L1N112144',1,'C',300,111023,'2021-06-23','INTAKE FEE repayment','N'),(10094,'S001L1N112144',2,'C',150,111023,'2021-06-23','INTAKE FEE repayment','N'),(10095,'S001L1N112144',3,'C',1000,111023,'2021-06-23','Account Deposit','N'),(10096,'S001GSH112137',4,'D',1000,111023,'2021-06-23','Account Deposit','N'),(10097,'S001GSH112137',5,'D',300,111023,'2021-06-23','PROCESSING FEE repayment','N'),(10098,'S001GSH112137',6,'D',150,111023,'2021-06-23','INTAKE FEE repayment','N'),(10099,'S001GSH112135',1,'C',300,111025,'2021-06-23','Crediting the Interest Income Account with Processing Fee','N'),(10100,'S001L1N112153',2,'D',3000,111025,'2021-06-23','Debiting Customer Loa Account with Principal Demand Amount','N'),(10101,'S001GSH112137',3,'C',3000,111025,'2021-06-23','Crediting Loan Disbursement Table','N'),(10102,'S001GSH112135',4,'C',150,111025,'2021-06-23','Crediting Interest Income Account with Loan Intake fee','N'),(10103,'S001L1N112153',5,'D',9000,111025,'2021-06-23','Debiting Customer Loan Account with Interest Demand Amount','N'),(10104,'S001L1N112153',6,'D',300,111025,'2021-06-23','Debiting Customer Loan Account with Loan Processing fee','N'),(10105,'S001GSH112133',7,'C',9000,111025,'2021-06-23','Crediting Interest Accrual Account','N'),(10106,'S001L1N112153',8,'D',150,111025,'2021-06-23','Debiting Customer Loan Account with the Loan Intake Fee','N'),(10107,'S001L1N112153',1,'C',300,111026,'2021-06-23','INTAKE FEE repayment','N'),(10108,'S001L1N112153',2,'C',1000,111026,'2021-06-23','Account Deposit','N'),(10109,'S001GSH112137',3,'D',1000,111026,'2021-06-23','Account Deposit','N'),(10110,'S001GSH112137',4,'D',300,111026,'2021-06-23','PROCESSING FEE repayment','N'),(10111,'S001L1N112160',1,'D',220495.50000000003,111027,'2021-06-23','Debiting Customer Loan Account with Interest Demand Amount','N'),(10112,'S001GSH112135',2,'C',300,111027,'2021-06-23','Crediting the Interest Income Account with Processing Fee','N'),(10113,'S001L1N112160',3,'D',300,111027,'2021-06-23','Debiting Customer Loan Account with Loan Processing fee','N'),(10114,'S001GSH112137',4,'C',48998.99999999999,111027,'2021-06-23','Crediting Loan Disbursement Table','N'),(10115,'S001L1N112160',5,'D',48998.99999999999,111027,'2021-06-23','Debiting Customer Loa Account with Principal Demand Amount','N'),(10116,'S001GSH112135',6,'C',150,111027,'2021-06-23','Crediting Interest Income Account with Loan Intake fee','N'),(10117,'S001GSH112133',7,'C',220495.50000000003,111027,'2021-06-23','Crediting Interest Accrual Account','N'),(10118,'S001L1N112160',8,'D',150,111027,'2021-06-23','Debiting Customer Loan Account with the Loan Intake Fee','N'),(10119,'S002L1N112161',1,'D',18844.800000000003,111028,'2021-06-23','Debiting Customer Loan Account with Interest Demand Amount','N'),(10120,'S002L1N112161',2,'D',300,111028,'2021-06-23','Debiting Customer Loan Account with Loan Processing fee','N'),(10121,'S001GSH112133',3,'C',18844.800000000003,111028,'2021-06-23','Crediting Interest Accrual Account','N'),(10122,'S002L1N112161',4,'D',7852,111028,'2021-06-23','Debiting Customer Loa Account with Principal Demand Amount','N'),(10123,'S001GSH112137',5,'C',7852,111028,'2021-06-23','Crediting Loan Disbursement Table','N'),(10124,'S001GSH112135',6,'C',300,111028,'2021-06-23','Crediting the Interest Income Account with Processing Fee','N'),(10125,'S002L1N112161',7,'D',150,111028,'2021-06-23','Debiting Customer Loan Account with the Loan Intake Fee','N'),(10126,'S001GSH112135',8,'C',150,111028,'2021-06-23','Crediting Interest Income Account with Loan Intake fee','N');
/*!40000 ALTER TABLE `part_tran` ENABLE KEYS */;
UNLOCK TABLES;

--
-- Table structure for table `part_tran_seq`
--

DROP TABLE IF EXISTS `part_tran_seq`;
/*!40101 SET @saved_cs_client     = @@character_set_client */;
/*!40101 SET character_set_client = utf8 */;
CREATE TABLE `part_tran_seq` (
  `next_not_cached_value` bigint(21) NOT NULL,
  `minimum_value` bigint(21) NOT NULL,
  `maximum_value` bigint(21) NOT NULL,
  `start_value` bigint(21) NOT NULL COMMENT 'start value when sequences is created or value if RESTART is used',
  `increment` bigint(21) NOT NULL COMMENT 'increment value',
  `cache_size` bigint(21) unsigned NOT NULL,
  `cycle_option` tinyint(1) unsigned NOT NULL COMMENT '0 if no cycles are allowed, 1 if the sequence should begin a new cycle when maximum_value is passed',
  `cycle_count` bigint(21) NOT NULL COMMENT 'How many cycles have been done'
) ENGINE=InnoDB SEQUENCE=1;
/*!40101 SET character_set_client = @saved_cs_client */;

--
-- Dumping data for table `part_tran_seq`
--

LOCK TABLES `part_tran_seq` WRITE;
/*!40000 ALTER TABLE `part_tran_seq` DISABLE KEYS */;
INSERT INTO `part_tran_seq` VALUES (11001,1,9223372036854775806,1,1,1000,0,0);
/*!40000 ALTER TABLE `part_tran_seq` ENABLE KEYS */;
UNLOCK TABLES;

--
-- Table structure for table `products`
--

DROP TABLE IF EXISTS `products`;
/*!40101 SET @saved_cs_client     = @@character_set_client */;
/*!40101 SET character_set_client = utf8 */;
CREATE TABLE `products` (
  `product_sn` int(11) NOT NULL AUTO_INCREMENT,
  `apply_late_repayment_fee` varchar(1) COLLATE utf8mb4_bin DEFAULT NULL,
  `calculation_base` varchar(1) COLLATE utf8mb4_bin NOT NULL,
  `created_by` varchar(10) COLLATE utf8mb4_bin NOT NULL,
  `created_on` date NOT NULL,
  `deleted_flag` varchar(1) COLLATE utf8mb4_bin NOT NULL,
  `intake_fee` double DEFAULT NULL,
  `interest_accrual_account` varchar(20) COLLATE utf8mb4_bin NOT NULL,
  `interest_base` varchar(1) COLLATE utf8mb4_bin NOT NULL,
  `interest_code` varchar(255) COLLATE utf8mb4_bin NOT NULL,
  `interest_income_account` varchar(20) COLLATE utf8mb4_bin NOT NULL,
  `interest_type` varchar(1) COLLATE utf8mb4_bin DEFAULT NULL,
  `late_repayment_fee` double DEFAULT NULL,
  `processing_fee` double DEFAULT NULL,
  `product_code` varchar(10) COLLATE utf8mb4_bin NOT NULL,
  `product_description` varchar(255) COLLATE utf8mb4_bin NOT NULL,
  `disbursement_account` varchar(15) COLLATE utf8mb4_bin NOT NULL,
  `repayment_account` varchar(15) COLLATE utf8mb4_bin NOT NULL,
  `repayment_base` varchar(1) COLLATE utf8mb4_bin NOT NULL,
  PRIMARY KEY (`product_sn`)
) ENGINE=InnoDB AUTO_INCREMENT=23 DEFAULT CHARSET=utf8mb4 COLLATE=utf8mb4_bin;
/*!40101 SET character_set_client = @saved_cs_client */;

--
-- Dumping data for table `products`
--

LOCK TABLES `products` WRITE;
/*!40000 ALTER TABLE `products` DISABLE KEYS */;
INSERT INTO `products` VALUES (1,'Y','A','1','2021-04-01','Y',150,'S001GSH112133','M','IN01','S001GSH112135','S',0,300,'L1N1','Daily Loans 1','S001GSH112137','S001GSH112139','D'),(2,'Y','A','1','2021-06-10','N',700,'S001L1N11129','D','IN02','S001L1N11130','S',300,200,'L2N2','Monthly Loans','S001L1N11127','S001L1N11139','D'),(3,'Y','D','1','2021-06-15','N',300,'S001L1N11135','D','IN04','S001L1N11145','S',200,360,'L3N3','Annual Loans ','S001L1N11128','S001L1N11136','D'),(13,'','D','1','2021-06-17','N',700,'S001L1N11129','D','IN04','S001L1N11130','',300,200,'L4N4','Daily Loans 1','S001L1N11129','D','D'),(15,'','','1','2021-06-16','N',900,'S001L1N11130','','IN01','S005GSH16103','',200,81,'L5N5','Annual Loans','S001L1N11127','S001L1N11128',''),(16,'','','1','2021-06-18','N',100,'S001L1N11128','','IN01','S001L1N11129','',100,100,'L6N6','Monthly Loans','S001L1N11127','S005GSH16103',''),(17,'N','A','1','2021-06-18','N',900,'S001L1N11128','','IN01','S005GSH16103','C',0,3000,'L7N7','Daily Loans ','S001L1N11127','S001L1N11130',''),(18,'Y','C','1','2021-06-17','N',432,'S005GSH16103','W','IN01','S001L1N11128','C',300,344,'L8N8','Daily Loans 1','S001L1N11127','S005GSH16103','M'),(19,'Y','C','1','2021-06-18','N',700,'S001L1N11129','','IN01','S001L1N11129','C',300,200,'L9N9','Monthly Loans','S001L1N11130','S001L1N11130',''),(20,'Y','A','1','2021-06-18','N',700,'S001L1N11129','D','IN01','S001L1N11129','S',300,200,'L7N9','Monthly Loans','S001L1N11128','S001L1N11130','M'),(21,'Y','A','1','2021-06-16','Y',400,'S005GSH17101','D','IN01','S005GSH16103','S',7444,800,'4744','4444','S001L1N11128','S001L1N11130','M'),(22,'Y','A','1','2021-03-31','Y',150,'S001L1N11130','M','IN01','S001L1N11129','S',0,300,'D1N2','Daily Overnight Loans 1','S001L1N11127','S001L1N11128','D');
/*!40000 ALTER TABLE `products` ENABLE KEYS */;
UNLOCK TABLES;

--
-- Table structure for table `referees`
--

DROP TABLE IF EXISTS `referees`;
/*!40101 SET @saved_cs_client     = @@character_set_client */;
/*!40101 SET character_set_client = utf8 */;
CREATE TABLE `referees` (
  `referee_id` int(11) NOT NULL AUTO_INCREMENT,
  `first_name` varchar(20) COLLATE utf8mb4_bin NOT NULL,
  `middle_name` varchar(20) COLLATE utf8mb4_bin DEFAULT NULL,
  `mobile_no` varchar(12) COLLATE utf8mb4_bin NOT NULL,
  `relationship` varchar(20) COLLATE utf8mb4_bin NOT NULL,
  `surname` varchar(20) COLLATE utf8mb4_bin NOT NULL,
  `customer_sn` int(11) DEFAULT NULL,
  PRIMARY KEY (`referee_id`),
  KEY `FKym10a1y8n0qdxlq5ck6uj5s8` (`customer_sn`),
  CONSTRAINT `FKym10a1y8n0qdxlq5ck6uj5s8` FOREIGN KEY (`customer_sn`) REFERENCES `customers` (`sn`)
) ENGINE=InnoDB AUTO_INCREMENT=4 DEFAULT CHARSET=utf8mb4 COLLATE=utf8mb4_bin;
/*!40101 SET character_set_client = @saved_cs_client */;

--
-- Dumping data for table `referees`
--

LOCK TABLES `referees` WRITE;
/*!40000 ALTER TABLE `referees` DISABLE KEYS */;
INSERT INTO `referees` VALUES (1,'Shirleen','Senge','0708983456','friend','Queen',2000),(3,'Wilfred','Muthomi','0708881885','B9','mwangi njuguna',3010);
/*!40000 ALTER TABLE `referees` ENABLE KEYS */;
UNLOCK TABLES;

--
-- Table structure for table `sol`
--

DROP TABLE IF EXISTS `sol`;
/*!40101 SET @saved_cs_client     = @@character_set_client */;
/*!40101 SET character_set_client = utf8 */;
CREATE TABLE `sol` (
  `sol_sn` int(11) NOT NULL,
  `sol_code` varchar(255) COLLATE utf8mb4_bin DEFAULT NULL,
  `sol_description` varchar(255) COLLATE utf8mb4_bin DEFAULT NULL,
  `delete_flag` varchar(1) COLLATE utf8mb4_bin DEFAULT NULL,
  `posted_flag` varchar(1) COLLATE utf8mb4_bin DEFAULT NULL,
  `posted_time` datetime(6) DEFAULT NULL,
  `verified_flag` varchar(1) COLLATE utf8mb4_bin DEFAULT NULL,
  `verified_time` datetime(6) DEFAULT NULL,
  PRIMARY KEY (`sol_sn`)
) ENGINE=InnoDB DEFAULT CHARSET=utf8mb4 COLLATE=utf8mb4_bin;
/*!40101 SET character_set_client = @saved_cs_client */;

--
-- Dumping data for table `sol`
--

LOCK TABLES `sol` WRITE;
/*!40000 ALTER TABLE `sol` DISABLE KEYS */;
INSERT INTO `sol` VALUES (1,'S001','Thika Branch','N','Y','2021-06-23 15:32:29.000000','Y','2021-06-23 15:32:34.000000'),(4003,'S002','Kitui Branch','Y','Y','2021-06-23 15:40:37.341000','Y','2021-06-23 15:40:37.341000'),(4004,'S002','Kitui Branch','N','Y','2021-06-23 15:43:20.516000','Y','2021-06-23 15:43:20.516000'),(4005,'S003','Meru Branch','N','Y','2021-06-23 15:43:29.279000','Y','2021-06-23 15:43:29.279000');
/*!40000 ALTER TABLE `sol` ENABLE KEYS */;
UNLOCK TABLES;

--
-- Table structure for table `tran_headers`
--

DROP TABLE IF EXISTS `tran_headers`;
/*!40101 SET @saved_cs_client     = @@character_set_client */;
/*!40101 SET character_set_client = utf8 */;
CREATE TABLE `tran_headers` (
  `tran_id` int(11) NOT NULL,
  `chq_no` varchar(10) COLLATE utf8mb4_bin DEFAULT NULL,
  `currency` varchar(3) COLLATE utf8mb4_bin NOT NULL,
  `delete_flag` varchar(1) COLLATE utf8mb4_bin NOT NULL,
  `exchange_rate` double DEFAULT NULL,
  `posted_by` varchar(6) COLLATE utf8mb4_bin NOT NULL,
  `posted_flag` varchar(1) COLLATE utf8mb4_bin NOT NULL,
  `posted_time` datetime(6) NOT NULL,
  `tran_sub_type` varchar(2) COLLATE utf8mb4_bin DEFAULT NULL,
  `tran_type` varchar(1) COLLATE utf8mb4_bin DEFAULT NULL,
  `verified_by` varchar(6) COLLATE utf8mb4_bin DEFAULT NULL,
  `verified_flag` varchar(1) COLLATE utf8mb4_bin NOT NULL,
  `verified_time` datetime(6) DEFAULT NULL,
  PRIMARY KEY (`tran_id`)
) ENGINE=InnoDB DEFAULT CHARSET=utf8mb4 COLLATE=utf8mb4_bin;
/*!40101 SET character_set_client = @saved_cs_client */;

--
-- Dumping data for table `tran_headers`
--

LOCK TABLES `tran_headers` WRITE;
/*!40000 ALTER TABLE `tran_headers` DISABLE KEYS */;
INSERT INTO `tran_headers` VALUES (105001,NULL,'KES','N',NULL,'1','Y','2021-05-24 16:54:15.799000','LR','T','SYSTEM','Y',NULL),(105003,NULL,'KES','N',NULL,'SYSTEM','Y','2021-05-24 16:59:52.228000','NC','C','SYSTEM','Y','2021-05-24 16:59:52.228000'),(105004,NULL,'KES','N',NULL,'SYSTEM','Y','2021-05-24 17:18:21.890000','NC','C','SYSTEM','Y','2021-05-24 17:18:21.890000'),(106000,NULL,'KES','N',NULL,'SYSTEM','Y','2021-05-25 14:18:19.633000','NC','C','SYSTEM','Y','2021-05-25 14:18:19.633000'),(106001,NULL,'KES','N',NULL,'1','Y','2021-05-25 17:50:01.301000','LR','T','SYSTEM','Y',NULL),(106002,NULL,'KES','N',NULL,'1','Y','2021-05-25 17:51:00.790000','LR','T','SYSTEM','Y',NULL),(107000,NULL,'KES','N',NULL,'SYSTEM','Y','2021-06-03 16:18:31.416000','NC','C','SYSTEM','Y','2021-06-03 16:18:31.416000'),(108000,NULL,'KES','N',NULL,'SYSTEM','Y','2021-06-17 17:48:19.563000','NC','C','SYSTEM','Y','2021-06-17 17:48:19.563000'),(109000,NULL,'KES','N',NULL,'1','Y','2021-06-18 15:22:37.121000','LR','T','SYSTEM','Y',NULL),(109004,NULL,'KES','N',NULL,'1','Y','2021-06-18 15:38:48.816000','LR','T','SYSTEM','Y',NULL),(109006,NULL,'KES','N',NULL,'1','Y','2021-06-18 15:48:28.844000','LR','T','SYSTEM','Y',NULL),(109012,NULL,'KES','N',NULL,'1','Y','2021-06-18 15:51:36.999000','LR','T','SYSTEM','Y',NULL),(109015,NULL,'KES','N',NULL,'1','Y','2021-06-18 16:00:52.852000','LR','T','SYSTEM','Y',NULL),(109017,NULL,'KES','N',NULL,'1','Y','2021-06-18 16:06:00.115000','LR','T','SYSTEM','Y',NULL),(109019,NULL,'KES','N',NULL,'1','Y','2021-06-21 17:32:37.695000','LR','T','SYSTEM','Y',NULL),(109020,NULL,'KES','N',NULL,'SYSTEM','Y','2021-06-21 17:41:30.401000','NC','C','SYSTEM','Y','2021-06-21 17:41:30.401000'),(109021,NULL,'KES','N',NULL,'SYSTEM','Y','2021-06-21 17:41:58.590000','NC','C','SYSTEM','Y','2021-06-21 17:41:58.590000'),(109022,NULL,'KES','N',NULL,'SYSTEM','Y','2021-06-21 17:41:58.911000','NC','C','SYSTEM','Y','2021-06-21 17:41:58.911000'),(109023,NULL,'KES','N',NULL,'SYSTEM','Y','2021-06-21 17:41:59.232000','NC','C','SYSTEM','Y','2021-06-21 17:41:59.232000'),(109024,NULL,'KES','N',NULL,'SYSTEM','Y','2021-06-21 17:41:59.699000','NC','C','SYSTEM','Y','2021-06-21 17:41:59.699000'),(109025,NULL,'KES','N',NULL,'SYSTEM','Y','2021-06-21 17:42:00.275000','NC','C','SYSTEM','Y','2021-06-21 17:42:00.275000'),(109026,NULL,'KES','N',NULL,'SYSTEM','Y','2021-06-21 17:42:00.707000','NC','C','SYSTEM','Y','2021-06-21 17:42:00.707000'),(109027,NULL,'KES','N',NULL,'SYSTEM','Y','2021-06-21 17:42:02.508000','NC','C','SYSTEM','Y','2021-06-21 17:42:02.508000'),(110000,NULL,'KES','N',NULL,'SYSTEM','Y','2021-06-22 12:49:09.958000','NC','C','SYSTEM','Y','2021-06-22 12:49:09.958000'),(110001,NULL,'KES','N',NULL,'SYSTEM','Y','2021-06-22 12:56:17.130000','NC','C','SYSTEM','Y','2021-06-22 12:56:17.130000'),(110002,NULL,'KES','N',NULL,'SYSTEM','Y','2021-06-22 14:08:45.306000','NC','C','SYSTEM','Y','2021-06-22 14:08:45.306000'),(111000,NULL,'KES','N',NULL,'SYSTEM','Y','2021-06-22 14:47:27.203000','NC','C','SYSTEM','Y','2021-06-22 14:47:27.203000'),(111001,NULL,'KES','N',NULL,'SYSTEM','Y','2021-06-22 17:00:44.538000','NC','C','SYSTEM','Y','2021-06-22 17:00:44.538000'),(111002,NULL,'KES','N',NULL,'SYSTEM','Y','2021-06-22 17:01:53.520000','NC','C','SYSTEM','Y','2021-06-22 17:01:53.520000'),(111003,NULL,'KES','N',NULL,'SYSTEM','Y','2021-06-22 17:03:04.314000','NC','C','SYSTEM','Y','2021-06-22 17:03:04.314000'),(111004,NULL,'KES','N',NULL,'SYSTEM','Y','2021-06-22 17:04:44.891000','NC','C','SYSTEM','Y','2021-06-22 17:04:44.891000'),(111005,NULL,'KES','N',NULL,'SYSTEM','Y','2021-06-22 17:05:14.643000','NC','C','SYSTEM','Y','2021-06-22 17:05:14.643000'),(111006,NULL,'KES','N',NULL,'1','Y','2021-06-23 11:23:41.605000','LR','T','SYSTEM','Y',NULL),(111008,NULL,'KES','N',NULL,'1','Y','2021-06-23 13:50:59.094000','LR','T','SYSTEM','Y',NULL),(111010,NULL,'KES','N',NULL,'1','Y','2021-06-23 14:01:38.661000','LR','T','SYSTEM','Y',NULL),(111012,NULL,'KES','N',NULL,'1','Y','2021-06-23 14:06:38.256000','LR','T','SYSTEM','Y',NULL),(111014,NULL,'KES','N',NULL,'1','Y','2021-06-23 14:07:47.617000','LR','T','SYSTEM','Y',NULL),(111018,NULL,'KES','N',NULL,'1','Y','2021-06-23 14:35:04.352000','LR','T','SYSTEM','Y',NULL),(111020,NULL,'KES','N',NULL,'SYSTEM','Y','2021-06-23 14:44:24.087000','NC','C','SYSTEM','Y','2021-06-23 14:44:24.087000'),(111021,NULL,'KES','N',NULL,'SYSTEM','Y','2021-06-23 15:51:57.636000','NC','C','SYSTEM','Y','2021-06-23 15:51:57.636000'),(111022,NULL,'KES','N',NULL,'SYSTEM','Y','2021-06-23 16:08:26.275000','NC','C','SYSTEM','Y','2021-06-23 16:08:26.275000'),(111023,NULL,'KES','N',NULL,'1','Y','2021-06-23 16:12:44.310000','LR','T','SYSTEM','Y',NULL),(111025,NULL,'KES','N',NULL,'SYSTEM','Y','2021-06-23 16:31:59.126000','NC','C','SYSTEM','Y','2021-06-23 16:31:59.126000'),(111026,NULL,'KES','N',NULL,'1','Y','2021-06-23 16:33:02.540000','LR','T','SYSTEM','Y',NULL),(111027,NULL,'KES','N',NULL,'SYSTEM','Y','2021-06-23 16:41:24.396000','NC','C','SYSTEM','Y','2021-06-23 16:41:24.396000'),(111028,NULL,'KES','N',NULL,'SYSTEM','Y','2021-06-23 16:44:55.615000','NC','C','SYSTEM','Y','2021-06-23 16:44:55.615000');
/*!40000 ALTER TABLE `tran_headers` ENABLE KEYS */;
UNLOCK TABLES;

--
-- Table structure for table `transactions_history`
--

DROP TABLE IF EXISTS `transactions_history`;
/*!40101 SET @saved_cs_client     = @@character_set_client */;
/*!40101 SET character_set_client = utf8 */;
CREATE TABLE `transactions_history` (
  `tran_id` int(11) NOT NULL,
  `chq_no` varchar(10) COLLATE utf8mb4_bin DEFAULT NULL,
  `currency` varchar(3) COLLATE utf8mb4_bin NOT NULL,
  `exchange_rate` double DEFAULT NULL,
  `tran_date` date DEFAULT NULL,
  `tran_particulars` varchar(255) COLLATE utf8mb4_bin DEFAULT NULL,
  `tran_type` varchar(1) COLLATE utf8mb4_bin DEFAULT NULL,
  `tran_sub_type` varchar(2) COLLATE utf8mb4_bin DEFAULT NULL,
  `part_tran_sn` int(11) NOT NULL,
  `acid` varchar(255) COLLATE utf8mb4_bin NOT NULL,
  `part_tran_type` varchar(1) COLLATE utf8mb4_bin NOT NULL,
  `tran_amount` double NOT NULL,
  `posted_by` varchar(6) COLLATE utf8mb4_bin NOT NULL,
  `posted_time` datetime(6) NOT NULL,
  `posted_flag` varchar(1) COLLATE utf8mb4_bin NOT NULL,
  `verified_by` varchar(6) COLLATE utf8mb4_bin DEFAULT NULL,
  `verified_time` datetime(6) DEFAULT NULL,
  `verified_flag` varchar(1) COLLATE utf8mb4_bin NOT NULL,
  `delete_flag` varchar(1) COLLATE utf8mb4_bin NOT NULL,
  `sn` int(11) NOT NULL AUTO_INCREMENT,
  PRIMARY KEY (`sn`)
) ENGINE=InnoDB AUTO_INCREMENT=1235 DEFAULT CHARSET=utf8mb4 COLLATE=utf8mb4_bin;
/*!40101 SET character_set_client = @saved_cs_client */;

--
-- Dumping data for table `transactions_history`
--

LOCK TABLES `transactions_history` WRITE;
/*!40000 ALTER TABLE `transactions_history` DISABLE KEYS */;
INSERT INTO `transactions_history` VALUES (104012,NULL,'KES',NULL,'2021-05-21','Debiting Customer Loan Account with Interest Demand Amount','C','NC',1,'S001L1N11131','D',9000,'SYSTEM','2021-05-21 10:57:48.667000','Y','SYSTEM','2021-05-21 10:57:48.667000','Y','N',269),(104012,NULL,'KES',NULL,'2021-05-21','Debiting Customer Loan Account with Loan Processing fee','C','NC',2,'S001L1N11131','D',100,'SYSTEM','2021-05-21 10:57:48.667000','Y','SYSTEM','2021-05-21 10:57:48.667000','Y','N',270),(104012,NULL,'KES',NULL,'2021-05-21','Crediting Interest Income Account with Loan Intake fee','C','NC',3,'S001L1N11129','C',150,'SYSTEM','2021-05-21 10:57:48.667000','Y','SYSTEM','2021-05-21 10:57:48.667000','Y','N',271),(104012,NULL,'KES',NULL,'2021-05-21','Crediting Interest Accrual Account','C','NC',4,'S001L1N11130','C',9000,'SYSTEM','2021-05-21 10:57:48.667000','Y','SYSTEM','2021-05-21 10:57:48.667000','Y','N',272),(104012,NULL,'KES',NULL,'2021-05-21','Crediting the Interest Income Account with Processing Fee','C','NC',5,'S001L1N11129','C',100,'SYSTEM','2021-05-21 10:57:48.667000','Y','SYSTEM','2021-05-21 10:57:48.667000','Y','N',273),(104012,NULL,'KES',NULL,'2021-05-21','Debiting Customer Loan Account with the Loan Intake Fee','C','NC',6,'S001L1N11131','D',150,'SYSTEM','2021-05-21 10:57:48.667000','Y','SYSTEM','2021-05-21 10:57:48.667000','Y','N',274),(104012,NULL,'KES',NULL,'2021-05-21','Debiting Customer Loa Account with Principal Demand Amount','C','NC',7,'S001L1N11131','D',3000,'SYSTEM','2021-05-21 10:57:48.667000','Y','SYSTEM','2021-05-21 10:57:48.667000','Y','N',275),(104012,NULL,'KES',NULL,'2021-05-21','Crediting Loan Disbursement Table','C','NC',8,'S001L1N11127','C',3000,'SYSTEM','2021-05-21 10:57:48.667000','Y','SYSTEM','2021-05-21 10:57:48.667000','Y','N',276),(104013,NULL,'KES',NULL,'2021-05-21','INTAKE FEE repayment','T','LR',1,'S001L1N11131','C',150,'1','2021-05-21 11:00:06.074000','Y','SYSTEM',NULL,'Y','N',277),(104013,NULL,'KES',NULL,'2021-05-21','INTAKE FEE repayment','T','LR',2,'S001L1N11127','D',150,'1','2021-05-21 11:00:06.074000','Y','SYSTEM',NULL,'Y','N',278),(104013,NULL,'KES',NULL,'2021-05-21','INTAKE FEE repayment','T','LR',3,'S001L1N11131','C',100,'1','2021-05-21 11:00:06.074000','Y','SYSTEM',NULL,'Y','N',279),(104013,NULL,'KES',NULL,'2021-05-21','PROCESSING FEE repayment','T','LR',4,'S001L1N11127','D',100,'1','2021-05-21 11:00:06.074000','Y','SYSTEM',NULL,'Y','N',280),(105001,NULL,'KES',NULL,'2021-05-24','Debiting the Repayment Account with the Interest Demand repaid Amount','T','LR',1,'S001L1N11128','D',300,'1','2021-05-24 16:54:15.799000','Y','SYSTEM',NULL,'Y','N',281),(105001,NULL,'KES',NULL,'2021-05-24','Debiting Interest Accrual Account with Interest Amount Repaid','T','LR',2,'S001L1N11130','D',300,'1','2021-05-24 16:54:15.799000','Y','SYSTEM',NULL,'Y','N',282),(105001,NULL,'KES',NULL,'2021-05-24','Crediting Customer Loan Account with Principal Demand Repayment Amount','T','LR',3,'S001L1N11131','C',100,'1','2021-05-24 16:54:15.799000','Y','SYSTEM',NULL,'Y','N',283),(105001,NULL,'KES',NULL,'2021-05-24','Crediting Customer Loan Account with the Interest Demand Repaid Amount','T','LR',4,'S001L1N11131','C',300,'1','2021-05-24 16:54:15.799000','Y','SYSTEM',NULL,'Y','N',284),(105001,NULL,'KES',NULL,'2021-05-24','Crediting Interest Income Account with Interest Amount Repaid','T','LR',5,'S001L1N11129','C',300,'1','2021-05-24 16:54:15.799000','Y','SYSTEM',NULL,'Y','N',285),(105001,NULL,'KES',NULL,'2021-05-24','Debiting the Repayment Account with the Principal Demand Amount','T','LR',6,'S001L1N11128','D',100,'1','2021-05-24 16:54:15.799000','Y','SYSTEM',NULL,'Y','N',286),(105001,NULL,'KES',NULL,'2021-05-24','Debiting the Repayment Account with the Interest Demand repaid Amount','T','LR',1,'S001L1N11128','D',300,'1','2021-05-24 16:54:15.799000','Y','SYSTEM',NULL,'Y','N',287),(105001,NULL,'KES',NULL,'2021-05-24','Debiting Interest Accrual Account with Interest Amount Repaid','T','LR',2,'S001L1N11130','D',300,'1','2021-05-24 16:54:15.799000','Y','SYSTEM',NULL,'Y','N',288),(105001,NULL,'KES',NULL,'2021-05-24','Crediting Customer Loan Account with Principal Demand Repayment Amount','T','LR',3,'S001L1N11131','C',100,'1','2021-05-24 16:54:15.799000','Y','SYSTEM',NULL,'Y','N',289),(105001,NULL,'KES',NULL,'2021-05-24','Crediting Customer Loan Account with the Interest Demand Repaid Amount','T','LR',4,'S001L1N11131','C',300,'1','2021-05-24 16:54:15.799000','Y','SYSTEM',NULL,'Y','N',290),(105001,NULL,'KES',NULL,'2021-05-24','Crediting Interest Income Account with Interest Amount Repaid','T','LR',5,'S001L1N11129','C',300,'1','2021-05-24 16:54:15.799000','Y','SYSTEM',NULL,'Y','N',291),(105001,NULL,'KES',NULL,'2021-05-24','Debiting the Repayment Account with the Principal Demand Amount','T','LR',6,'S001L1N11128','D',100,'1','2021-05-24 16:54:15.799000','Y','SYSTEM',NULL,'Y','N',292),(105001,NULL,'KES',NULL,'2021-05-24','Debiting the Repayment Account with the Interest Demand repaid Amount','T','LR',1,'S001L1N11128','D',300,'1','2021-05-24 16:54:15.799000','Y','SYSTEM',NULL,'Y','N',293),(105001,NULL,'KES',NULL,'2021-05-24','Debiting Interest Accrual Account with Interest Amount Repaid','T','LR',2,'S001L1N11130','D',300,'1','2021-05-24 16:54:15.799000','Y','SYSTEM',NULL,'Y','N',294),(105001,NULL,'KES',NULL,'2021-05-24','Crediting Customer Loan Account with Principal Demand Repayment Amount','T','LR',3,'S001L1N11131','C',100,'1','2021-05-24 16:54:15.799000','Y','SYSTEM',NULL,'Y','N',295),(105001,NULL,'KES',NULL,'2021-05-24','Crediting Customer Loan Account with the Interest Demand Repaid Amount','T','LR',4,'S001L1N11131','C',300,'1','2021-05-24 16:54:15.799000','Y','SYSTEM',NULL,'Y','N',296),(105001,NULL,'KES',NULL,'2021-05-24','Crediting Interest Income Account with Interest Amount Repaid','T','LR',5,'S001L1N11129','C',300,'1','2021-05-24 16:54:15.799000','Y','SYSTEM',NULL,'Y','N',297),(105001,NULL,'KES',NULL,'2021-05-24','Debiting the Repayment Account with the Principal Demand Amount','T','LR',6,'S001L1N11128','D',100,'1','2021-05-24 16:54:15.799000','Y','SYSTEM',NULL,'Y','N',298),(105001,NULL,'KES',NULL,'2021-05-24','Debiting the Repayment Account with the Interest Demand repaid Amount','T','LR',1,'S001L1N11128','D',300,'1','2021-05-24 16:54:15.799000','Y','SYSTEM',NULL,'Y','N',299),(105001,NULL,'KES',NULL,'2021-05-24','Debiting Interest Accrual Account with Interest Amount Repaid','T','LR',2,'S001L1N11130','D',300,'1','2021-05-24 16:54:15.799000','Y','SYSTEM',NULL,'Y','N',300),(105001,NULL,'KES',NULL,'2021-05-24','Crediting Customer Loan Account with Principal Demand Repayment Amount','T','LR',3,'S001L1N11131','C',100,'1','2021-05-24 16:54:15.799000','Y','SYSTEM',NULL,'Y','N',301),(105001,NULL,'KES',NULL,'2021-05-24','Crediting Customer Loan Account with the Interest Demand Repaid Amount','T','LR',4,'S001L1N11131','C',300,'1','2021-05-24 16:54:15.799000','Y','SYSTEM',NULL,'Y','N',302),(105001,NULL,'KES',NULL,'2021-05-24','Crediting Interest Income Account with Interest Amount Repaid','T','LR',5,'S001L1N11129','C',300,'1','2021-05-24 16:54:15.799000','Y','SYSTEM',NULL,'Y','N',303),(105001,NULL,'KES',NULL,'2021-05-24','Debiting the Repayment Account with the Principal Demand Amount','T','LR',6,'S001L1N11128','D',100,'1','2021-05-24 16:54:15.799000','Y','SYSTEM',NULL,'Y','N',304),(105001,NULL,'KES',NULL,'2021-05-24','Debiting the Repayment Account with the Interest Demand repaid Amount','T','LR',1,'S001L1N11128','D',300,'1','2021-05-24 16:54:15.799000','Y','SYSTEM',NULL,'Y','N',305),(105001,NULL,'KES',NULL,'2021-05-24','Debiting Interest Accrual Account with Interest Amount Repaid','T','LR',2,'S001L1N11130','D',300,'1','2021-05-24 16:54:15.799000','Y','SYSTEM',NULL,'Y','N',306),(105001,NULL,'KES',NULL,'2021-05-24','Crediting Customer Loan Account with Principal Demand Repayment Amount','T','LR',3,'S001L1N11131','C',100,'1','2021-05-24 16:54:15.799000','Y','SYSTEM',NULL,'Y','N',307),(105001,NULL,'KES',NULL,'2021-05-24','Crediting Customer Loan Account with the Interest Demand Repaid Amount','T','LR',4,'S001L1N11131','C',300,'1','2021-05-24 16:54:15.799000','Y','SYSTEM',NULL,'Y','N',308),(105001,NULL,'KES',NULL,'2021-05-24','Crediting Interest Income Account with Interest Amount Repaid','T','LR',5,'S001L1N11129','C',300,'1','2021-05-24 16:54:15.799000','Y','SYSTEM',NULL,'Y','N',309),(105001,NULL,'KES',NULL,'2021-05-24','Debiting the Repayment Account with the Principal Demand Amount','T','LR',6,'S001L1N11128','D',100,'1','2021-05-24 16:54:15.799000','Y','SYSTEM',NULL,'Y','N',310),(105001,NULL,'KES',NULL,'2021-05-24','Debiting the Repayment Account with the Interest Demand repaid Amount','T','LR',1,'S001L1N11128','D',300,'1','2021-05-24 16:54:15.799000','Y','SYSTEM',NULL,'Y','N',311),(105001,NULL,'KES',NULL,'2021-05-24','Debiting Interest Accrual Account with Interest Amount Repaid','T','LR',2,'S001L1N11130','D',300,'1','2021-05-24 16:54:15.799000','Y','SYSTEM',NULL,'Y','N',312),(105001,NULL,'KES',NULL,'2021-05-24','Crediting Customer Loan Account with Principal Demand Repayment Amount','T','LR',3,'S001L1N11131','C',100,'1','2021-05-24 16:54:15.799000','Y','SYSTEM',NULL,'Y','N',313),(105001,NULL,'KES',NULL,'2021-05-24','Crediting Customer Loan Account with the Interest Demand Repaid Amount','T','LR',4,'S001L1N11131','C',300,'1','2021-05-24 16:54:15.799000','Y','SYSTEM',NULL,'Y','N',314),(105001,NULL,'KES',NULL,'2021-05-24','Crediting Interest Income Account with Interest Amount Repaid','T','LR',5,'S001L1N11129','C',300,'1','2021-05-24 16:54:15.799000','Y','SYSTEM',NULL,'Y','N',315),(105001,NULL,'KES',NULL,'2021-05-24','Debiting the Repayment Account with the Principal Demand Amount','T','LR',6,'S001L1N11128','D',100,'1','2021-05-24 16:54:15.799000','Y','SYSTEM',NULL,'Y','N',316),(105003,NULL,'KES',NULL,'2021-05-24','Crediting Loan Disbursement Table','C','NC',1,'S001L1N11127','C',3000,'SYSTEM','2021-05-24 16:59:52.228000','Y','SYSTEM','2021-05-24 16:59:52.228000','Y','N',317),(105003,NULL,'KES',NULL,'2021-05-24','Crediting the Interest Income Account with Processing Fee','C','NC',2,'S001L1N11129','C',100,'SYSTEM','2021-05-24 16:59:52.228000','Y','SYSTEM','2021-05-24 16:59:52.228000','Y','N',318),(105003,NULL,'KES',NULL,'2021-05-24','Debiting Customer Loan Account with Loan Processing fee','C','NC',3,'S001L1N15101','D',100,'SYSTEM','2021-05-24 16:59:52.228000','Y','SYSTEM','2021-05-24 16:59:52.228000','Y','N',319),(105003,NULL,'KES',NULL,'2021-05-24','Debiting Customer Loa Account with Principal Demand Amount','C','NC',4,'S001L1N15101','D',3000,'SYSTEM','2021-05-24 16:59:52.228000','Y','SYSTEM','2021-05-24 16:59:52.228000','Y','N',320),(105003,NULL,'KES',NULL,'2021-05-24','Crediting Interest Accrual Account','C','NC',5,'S001L1N11130','C',9000,'SYSTEM','2021-05-24 16:59:52.228000','Y','SYSTEM','2021-05-24 16:59:52.228000','Y','N',321),(105003,NULL,'KES',NULL,'2021-05-24','Debiting Customer Loan Account with the Loan Intake Fee','C','NC',6,'S001L1N15101','D',150,'SYSTEM','2021-05-24 16:59:52.228000','Y','SYSTEM','2021-05-24 16:59:52.228000','Y','N',322),(105003,NULL,'KES',NULL,'2021-05-24','Crediting Interest Income Account with Loan Intake fee','C','NC',7,'S001L1N11129','C',150,'SYSTEM','2021-05-24 16:59:52.228000','Y','SYSTEM','2021-05-24 16:59:52.228000','Y','N',323),(105003,NULL,'KES',NULL,'2021-05-24','Debiting Customer Loan Account with Interest Demand Amount','C','NC',8,'S001L1N15101','D',9000,'SYSTEM','2021-05-24 16:59:52.228000','Y','SYSTEM','2021-05-24 16:59:52.228000','Y','N',324),(105001,NULL,'KES',NULL,'2021-05-24','Debiting the Repayment Account with the Interest Demand repaid Amount','T','LR',1,'S001L1N11128','D',300,'1','2021-05-24 16:54:15.799000','Y','SYSTEM',NULL,'Y','N',325),(105001,NULL,'KES',NULL,'2021-05-24','Debiting Interest Accrual Account with Interest Amount Repaid','T','LR',2,'S001L1N11130','D',300,'1','2021-05-24 16:54:15.799000','Y','SYSTEM',NULL,'Y','N',326),(105001,NULL,'KES',NULL,'2021-05-24','Crediting Customer Loan Account with Principal Demand Repayment Amount','T','LR',3,'S001L1N11131','C',100,'1','2021-05-24 16:54:15.799000','Y','SYSTEM',NULL,'Y','N',327),(105001,NULL,'KES',NULL,'2021-05-24','Crediting Customer Loan Account with the Interest Demand Repaid Amount','T','LR',4,'S001L1N11131','C',300,'1','2021-05-24 16:54:15.799000','Y','SYSTEM',NULL,'Y','N',328),(105001,NULL,'KES',NULL,'2021-05-24','Crediting Interest Income Account with Interest Amount Repaid','T','LR',5,'S001L1N11129','C',300,'1','2021-05-24 16:54:15.799000','Y','SYSTEM',NULL,'Y','N',329),(105001,NULL,'KES',NULL,'2021-05-24','Debiting the Repayment Account with the Principal Demand Amount','T','LR',6,'S001L1N11128','D',100,'1','2021-05-24 16:54:15.799000','Y','SYSTEM',NULL,'Y','N',330),(105003,NULL,'KES',NULL,'2021-05-24','Crediting Loan Disbursement Table','C','NC',1,'S001L1N11127','C',3000,'SYSTEM','2021-05-24 16:59:52.228000','Y','SYSTEM','2021-05-24 16:59:52.228000','Y','N',331),(105003,NULL,'KES',NULL,'2021-05-24','Crediting the Interest Income Account with Processing Fee','C','NC',2,'S001L1N11129','C',100,'SYSTEM','2021-05-24 16:59:52.228000','Y','SYSTEM','2021-05-24 16:59:52.228000','Y','N',332),(105003,NULL,'KES',NULL,'2021-05-24','Debiting Customer Loan Account with Loan Processing fee','C','NC',3,'S001L1N15101','D',100,'SYSTEM','2021-05-24 16:59:52.228000','Y','SYSTEM','2021-05-24 16:59:52.228000','Y','N',333),(105003,NULL,'KES',NULL,'2021-05-24','Debiting Customer Loa Account with Principal Demand Amount','C','NC',4,'S001L1N15101','D',3000,'SYSTEM','2021-05-24 16:59:52.228000','Y','SYSTEM','2021-05-24 16:59:52.228000','Y','N',334),(105003,NULL,'KES',NULL,'2021-05-24','Crediting Interest Accrual Account','C','NC',5,'S001L1N11130','C',9000,'SYSTEM','2021-05-24 16:59:52.228000','Y','SYSTEM','2021-05-24 16:59:52.228000','Y','N',335),(105003,NULL,'KES',NULL,'2021-05-24','Debiting Customer Loan Account with the Loan Intake Fee','C','NC',6,'S001L1N15101','D',150,'SYSTEM','2021-05-24 16:59:52.228000','Y','SYSTEM','2021-05-24 16:59:52.228000','Y','N',336),(105003,NULL,'KES',NULL,'2021-05-24','Crediting Interest Income Account with Loan Intake fee','C','NC',7,'S001L1N11129','C',150,'SYSTEM','2021-05-24 16:59:52.228000','Y','SYSTEM','2021-05-24 16:59:52.228000','Y','N',337),(105003,NULL,'KES',NULL,'2021-05-24','Debiting Customer Loan Account with Interest Demand Amount','C','NC',8,'S001L1N15101','D',9000,'SYSTEM','2021-05-24 16:59:52.228000','Y','SYSTEM','2021-05-24 16:59:52.228000','Y','N',338),(105001,NULL,'KES',NULL,'2021-05-24','Debiting the Repayment Account with the Interest Demand repaid Amount','T','LR',1,'S001L1N11128','D',300,'1','2021-05-24 16:54:15.799000','Y','SYSTEM',NULL,'Y','N',339),(105001,NULL,'KES',NULL,'2021-05-24','Debiting Interest Accrual Account with Interest Amount Repaid','T','LR',2,'S001L1N11130','D',300,'1','2021-05-24 16:54:15.799000','Y','SYSTEM',NULL,'Y','N',340),(105001,NULL,'KES',NULL,'2021-05-24','Crediting Customer Loan Account with Principal Demand Repayment Amount','T','LR',3,'S001L1N11131','C',100,'1','2021-05-24 16:54:15.799000','Y','SYSTEM',NULL,'Y','N',341),(105001,NULL,'KES',NULL,'2021-05-24','Crediting Customer Loan Account with the Interest Demand Repaid Amount','T','LR',4,'S001L1N11131','C',300,'1','2021-05-24 16:54:15.799000','Y','SYSTEM',NULL,'Y','N',342),(105001,NULL,'KES',NULL,'2021-05-24','Crediting Interest Income Account with Interest Amount Repaid','T','LR',5,'S001L1N11129','C',300,'1','2021-05-24 16:54:15.799000','Y','SYSTEM',NULL,'Y','N',343),(105001,NULL,'KES',NULL,'2021-05-24','Debiting the Repayment Account with the Principal Demand Amount','T','LR',6,'S001L1N11128','D',100,'1','2021-05-24 16:54:15.799000','Y','SYSTEM',NULL,'Y','N',344),(105003,NULL,'KES',NULL,'2021-05-24','Crediting Loan Disbursement Table','C','NC',1,'S001L1N11127','C',3000,'SYSTEM','2021-05-24 16:59:52.228000','Y','SYSTEM','2021-05-24 16:59:52.228000','Y','N',345),(105003,NULL,'KES',NULL,'2021-05-24','Crediting the Interest Income Account with Processing Fee','C','NC',2,'S001L1N11129','C',100,'SYSTEM','2021-05-24 16:59:52.228000','Y','SYSTEM','2021-05-24 16:59:52.228000','Y','N',346),(105003,NULL,'KES',NULL,'2021-05-24','Debiting Customer Loan Account with Loan Processing fee','C','NC',3,'S001L1N15101','D',100,'SYSTEM','2021-05-24 16:59:52.228000','Y','SYSTEM','2021-05-24 16:59:52.228000','Y','N',347),(105003,NULL,'KES',NULL,'2021-05-24','Debiting Customer Loa Account with Principal Demand Amount','C','NC',4,'S001L1N15101','D',3000,'SYSTEM','2021-05-24 16:59:52.228000','Y','SYSTEM','2021-05-24 16:59:52.228000','Y','N',348),(105003,NULL,'KES',NULL,'2021-05-24','Crediting Interest Accrual Account','C','NC',5,'S001L1N11130','C',9000,'SYSTEM','2021-05-24 16:59:52.228000','Y','SYSTEM','2021-05-24 16:59:52.228000','Y','N',349),(105003,NULL,'KES',NULL,'2021-05-24','Debiting Customer Loan Account with the Loan Intake Fee','C','NC',6,'S001L1N15101','D',150,'SYSTEM','2021-05-24 16:59:52.228000','Y','SYSTEM','2021-05-24 16:59:52.228000','Y','N',350),(105003,NULL,'KES',NULL,'2021-05-24','Crediting Interest Income Account with Loan Intake fee','C','NC',7,'S001L1N11129','C',150,'SYSTEM','2021-05-24 16:59:52.228000','Y','SYSTEM','2021-05-24 16:59:52.228000','Y','N',351),(105003,NULL,'KES',NULL,'2021-05-24','Debiting Customer Loan Account with Interest Demand Amount','C','NC',8,'S001L1N15101','D',9000,'SYSTEM','2021-05-24 16:59:52.228000','Y','SYSTEM','2021-05-24 16:59:52.228000','Y','N',352),(105001,NULL,'KES',NULL,'2021-05-24','Debiting the Repayment Account with the Interest Demand repaid Amount','T','LR',1,'S001L1N11128','D',300,'1','2021-05-24 16:54:15.799000','Y','SYSTEM',NULL,'Y','N',353),(105001,NULL,'KES',NULL,'2021-05-24','Debiting Interest Accrual Account with Interest Amount Repaid','T','LR',2,'S001L1N11130','D',300,'1','2021-05-24 16:54:15.799000','Y','SYSTEM',NULL,'Y','N',354),(105001,NULL,'KES',NULL,'2021-05-24','Crediting Customer Loan Account with Principal Demand Repayment Amount','T','LR',3,'S001L1N11131','C',100,'1','2021-05-24 16:54:15.799000','Y','SYSTEM',NULL,'Y','N',355),(105001,NULL,'KES',NULL,'2021-05-24','Crediting Customer Loan Account with the Interest Demand Repaid Amount','T','LR',4,'S001L1N11131','C',300,'1','2021-05-24 16:54:15.799000','Y','SYSTEM',NULL,'Y','N',356),(105001,NULL,'KES',NULL,'2021-05-24','Crediting Interest Income Account with Interest Amount Repaid','T','LR',5,'S001L1N11129','C',300,'1','2021-05-24 16:54:15.799000','Y','SYSTEM',NULL,'Y','N',357),(105001,NULL,'KES',NULL,'2021-05-24','Debiting the Repayment Account with the Principal Demand Amount','T','LR',6,'S001L1N11128','D',100,'1','2021-05-24 16:54:15.799000','Y','SYSTEM',NULL,'Y','N',358),(105003,NULL,'KES',NULL,'2021-05-24','Crediting Loan Disbursement Table','C','NC',1,'S001L1N11127','C',3000,'SYSTEM','2021-05-24 16:59:52.228000','Y','SYSTEM','2021-05-24 16:59:52.228000','Y','N',359),(105003,NULL,'KES',NULL,'2021-05-24','Crediting the Interest Income Account with Processing Fee','C','NC',2,'S001L1N11129','C',100,'SYSTEM','2021-05-24 16:59:52.228000','Y','SYSTEM','2021-05-24 16:59:52.228000','Y','N',360),(105003,NULL,'KES',NULL,'2021-05-24','Debiting Customer Loan Account with Loan Processing fee','C','NC',3,'S001L1N15101','D',100,'SYSTEM','2021-05-24 16:59:52.228000','Y','SYSTEM','2021-05-24 16:59:52.228000','Y','N',361),(105003,NULL,'KES',NULL,'2021-05-24','Debiting Customer Loa Account with Principal Demand Amount','C','NC',4,'S001L1N15101','D',3000,'SYSTEM','2021-05-24 16:59:52.228000','Y','SYSTEM','2021-05-24 16:59:52.228000','Y','N',362),(105003,NULL,'KES',NULL,'2021-05-24','Crediting Interest Accrual Account','C','NC',5,'S001L1N11130','C',9000,'SYSTEM','2021-05-24 16:59:52.228000','Y','SYSTEM','2021-05-24 16:59:52.228000','Y','N',363),(105003,NULL,'KES',NULL,'2021-05-24','Debiting Customer Loan Account with the Loan Intake Fee','C','NC',6,'S001L1N15101','D',150,'SYSTEM','2021-05-24 16:59:52.228000','Y','SYSTEM','2021-05-24 16:59:52.228000','Y','N',364),(105003,NULL,'KES',NULL,'2021-05-24','Crediting Interest Income Account with Loan Intake fee','C','NC',7,'S001L1N11129','C',150,'SYSTEM','2021-05-24 16:59:52.228000','Y','SYSTEM','2021-05-24 16:59:52.228000','Y','N',365),(105003,NULL,'KES',NULL,'2021-05-24','Debiting Customer Loan Account with Interest Demand Amount','C','NC',8,'S001L1N15101','D',9000,'SYSTEM','2021-05-24 16:59:52.228000','Y','SYSTEM','2021-05-24 16:59:52.228000','Y','N',366),(105001,NULL,'KES',NULL,'2021-05-24','Debiting the Repayment Account with the Interest Demand repaid Amount','T','LR',1,'S001L1N11128','D',300,'1','2021-05-24 16:54:15.799000','Y','SYSTEM',NULL,'Y','N',367),(105001,NULL,'KES',NULL,'2021-05-24','Debiting Interest Accrual Account with Interest Amount Repaid','T','LR',2,'S001L1N11130','D',300,'1','2021-05-24 16:54:15.799000','Y','SYSTEM',NULL,'Y','N',368),(105001,NULL,'KES',NULL,'2021-05-24','Crediting Customer Loan Account with Principal Demand Repayment Amount','T','LR',3,'S001L1N11131','C',100,'1','2021-05-24 16:54:15.799000','Y','SYSTEM',NULL,'Y','N',369),(105001,NULL,'KES',NULL,'2021-05-24','Crediting Customer Loan Account with the Interest Demand Repaid Amount','T','LR',4,'S001L1N11131','C',300,'1','2021-05-24 16:54:15.799000','Y','SYSTEM',NULL,'Y','N',370),(105001,NULL,'KES',NULL,'2021-05-24','Crediting Interest Income Account with Interest Amount Repaid','T','LR',5,'S001L1N11129','C',300,'1','2021-05-24 16:54:15.799000','Y','SYSTEM',NULL,'Y','N',371),(105001,NULL,'KES',NULL,'2021-05-24','Debiting the Repayment Account with the Principal Demand Amount','T','LR',6,'S001L1N11128','D',100,'1','2021-05-24 16:54:15.799000','Y','SYSTEM',NULL,'Y','N',372),(105003,NULL,'KES',NULL,'2021-05-24','Crediting Loan Disbursement Table','C','NC',1,'S001L1N11127','C',3000,'SYSTEM','2021-05-24 16:59:52.228000','Y','SYSTEM','2021-05-24 16:59:52.228000','Y','N',373),(105003,NULL,'KES',NULL,'2021-05-24','Crediting the Interest Income Account with Processing Fee','C','NC',2,'S001L1N11129','C',100,'SYSTEM','2021-05-24 16:59:52.228000','Y','SYSTEM','2021-05-24 16:59:52.228000','Y','N',374),(105003,NULL,'KES',NULL,'2021-05-24','Debiting Customer Loan Account with Loan Processing fee','C','NC',3,'S001L1N15101','D',100,'SYSTEM','2021-05-24 16:59:52.228000','Y','SYSTEM','2021-05-24 16:59:52.228000','Y','N',375),(105003,NULL,'KES',NULL,'2021-05-24','Debiting Customer Loa Account with Principal Demand Amount','C','NC',4,'S001L1N15101','D',3000,'SYSTEM','2021-05-24 16:59:52.228000','Y','SYSTEM','2021-05-24 16:59:52.228000','Y','N',376),(105003,NULL,'KES',NULL,'2021-05-24','Crediting Interest Accrual Account','C','NC',5,'S001L1N11130','C',9000,'SYSTEM','2021-05-24 16:59:52.228000','Y','SYSTEM','2021-05-24 16:59:52.228000','Y','N',377),(105003,NULL,'KES',NULL,'2021-05-24','Debiting Customer Loan Account with the Loan Intake Fee','C','NC',6,'S001L1N15101','D',150,'SYSTEM','2021-05-24 16:59:52.228000','Y','SYSTEM','2021-05-24 16:59:52.228000','Y','N',378),(105003,NULL,'KES',NULL,'2021-05-24','Crediting Interest Income Account with Loan Intake fee','C','NC',7,'S001L1N11129','C',150,'SYSTEM','2021-05-24 16:59:52.228000','Y','SYSTEM','2021-05-24 16:59:52.228000','Y','N',379),(105003,NULL,'KES',NULL,'2021-05-24','Debiting Customer Loan Account with Interest Demand Amount','C','NC',8,'S001L1N15101','D',9000,'SYSTEM','2021-05-24 16:59:52.228000','Y','SYSTEM','2021-05-24 16:59:52.228000','Y','N',380),(105001,NULL,'KES',NULL,'2021-05-24','Debiting the Repayment Account with the Interest Demand repaid Amount','T','LR',1,'S001L1N11128','D',300,'1','2021-05-24 16:54:15.799000','Y','SYSTEM',NULL,'Y','N',381),(105001,NULL,'KES',NULL,'2021-05-24','Debiting Interest Accrual Account with Interest Amount Repaid','T','LR',2,'S001L1N11130','D',300,'1','2021-05-24 16:54:15.799000','Y','SYSTEM',NULL,'Y','N',382),(105001,NULL,'KES',NULL,'2021-05-24','Crediting Customer Loan Account with Principal Demand Repayment Amount','T','LR',3,'S001L1N11131','C',100,'1','2021-05-24 16:54:15.799000','Y','SYSTEM',NULL,'Y','N',383),(105001,NULL,'KES',NULL,'2021-05-24','Crediting Customer Loan Account with the Interest Demand Repaid Amount','T','LR',4,'S001L1N11131','C',300,'1','2021-05-24 16:54:15.799000','Y','SYSTEM',NULL,'Y','N',384),(105001,NULL,'KES',NULL,'2021-05-24','Crediting Interest Income Account with Interest Amount Repaid','T','LR',5,'S001L1N11129','C',300,'1','2021-05-24 16:54:15.799000','Y','SYSTEM',NULL,'Y','N',385),(105001,NULL,'KES',NULL,'2021-05-24','Debiting the Repayment Account with the Principal Demand Amount','T','LR',6,'S001L1N11128','D',100,'1','2021-05-24 16:54:15.799000','Y','SYSTEM',NULL,'Y','N',386),(105003,NULL,'KES',NULL,'2021-05-24','Crediting Loan Disbursement Table','C','NC',1,'S001L1N11127','C',3000,'SYSTEM','2021-05-24 16:59:52.228000','Y','SYSTEM','2021-05-24 16:59:52.228000','Y','N',387),(105003,NULL,'KES',NULL,'2021-05-24','Crediting the Interest Income Account with Processing Fee','C','NC',2,'S001L1N11129','C',100,'SYSTEM','2021-05-24 16:59:52.228000','Y','SYSTEM','2021-05-24 16:59:52.228000','Y','N',388),(105003,NULL,'KES',NULL,'2021-05-24','Debiting Customer Loan Account with Loan Processing fee','C','NC',3,'S001L1N15101','D',100,'SYSTEM','2021-05-24 16:59:52.228000','Y','SYSTEM','2021-05-24 16:59:52.228000','Y','N',389),(105003,NULL,'KES',NULL,'2021-05-24','Debiting Customer Loa Account with Principal Demand Amount','C','NC',4,'S001L1N15101','D',3000,'SYSTEM','2021-05-24 16:59:52.228000','Y','SYSTEM','2021-05-24 16:59:52.228000','Y','N',390),(105003,NULL,'KES',NULL,'2021-05-24','Crediting Interest Accrual Account','C','NC',5,'S001L1N11130','C',9000,'SYSTEM','2021-05-24 16:59:52.228000','Y','SYSTEM','2021-05-24 16:59:52.228000','Y','N',391),(105003,NULL,'KES',NULL,'2021-05-24','Debiting Customer Loan Account with the Loan Intake Fee','C','NC',6,'S001L1N15101','D',150,'SYSTEM','2021-05-24 16:59:52.228000','Y','SYSTEM','2021-05-24 16:59:52.228000','Y','N',392),(105003,NULL,'KES',NULL,'2021-05-24','Crediting Interest Income Account with Loan Intake fee','C','NC',7,'S001L1N11129','C',150,'SYSTEM','2021-05-24 16:59:52.228000','Y','SYSTEM','2021-05-24 16:59:52.228000','Y','N',393),(105003,NULL,'KES',NULL,'2021-05-24','Debiting Customer Loan Account with Interest Demand Amount','C','NC',8,'S001L1N15101','D',9000,'SYSTEM','2021-05-24 16:59:52.228000','Y','SYSTEM','2021-05-24 16:59:52.228000','Y','N',394),(105001,NULL,'KES',NULL,'2021-05-24','Debiting the Repayment Account with the Interest Demand repaid Amount','T','LR',1,'S001L1N11128','D',300,'1','2021-05-24 16:54:15.799000','Y','SYSTEM',NULL,'Y','N',395),(105001,NULL,'KES',NULL,'2021-05-24','Debiting Interest Accrual Account with Interest Amount Repaid','T','LR',2,'S001L1N11130','D',300,'1','2021-05-24 16:54:15.799000','Y','SYSTEM',NULL,'Y','N',396),(105001,NULL,'KES',NULL,'2021-05-24','Crediting Customer Loan Account with Principal Demand Repayment Amount','T','LR',3,'S001L1N11131','C',100,'1','2021-05-24 16:54:15.799000','Y','SYSTEM',NULL,'Y','N',397),(105001,NULL,'KES',NULL,'2021-05-24','Crediting Customer Loan Account with the Interest Demand Repaid Amount','T','LR',4,'S001L1N11131','C',300,'1','2021-05-24 16:54:15.799000','Y','SYSTEM',NULL,'Y','N',398),(105001,NULL,'KES',NULL,'2021-05-24','Crediting Interest Income Account with Interest Amount Repaid','T','LR',5,'S001L1N11129','C',300,'1','2021-05-24 16:54:15.799000','Y','SYSTEM',NULL,'Y','N',399),(105001,NULL,'KES',NULL,'2021-05-24','Debiting the Repayment Account with the Principal Demand Amount','T','LR',6,'S001L1N11128','D',100,'1','2021-05-24 16:54:15.799000','Y','SYSTEM',NULL,'Y','N',400),(105003,NULL,'KES',NULL,'2021-05-24','Crediting Loan Disbursement Table','C','NC',1,'S001L1N11127','C',3000,'SYSTEM','2021-05-24 16:59:52.228000','Y','SYSTEM','2021-05-24 16:59:52.228000','Y','N',401),(105003,NULL,'KES',NULL,'2021-05-24','Crediting the Interest Income Account with Processing Fee','C','NC',2,'S001L1N11129','C',100,'SYSTEM','2021-05-24 16:59:52.228000','Y','SYSTEM','2021-05-24 16:59:52.228000','Y','N',402),(105003,NULL,'KES',NULL,'2021-05-24','Debiting Customer Loan Account with Loan Processing fee','C','NC',3,'S001L1N15101','D',100,'SYSTEM','2021-05-24 16:59:52.228000','Y','SYSTEM','2021-05-24 16:59:52.228000','Y','N',403),(105003,NULL,'KES',NULL,'2021-05-24','Debiting Customer Loa Account with Principal Demand Amount','C','NC',4,'S001L1N15101','D',3000,'SYSTEM','2021-05-24 16:59:52.228000','Y','SYSTEM','2021-05-24 16:59:52.228000','Y','N',404),(105003,NULL,'KES',NULL,'2021-05-24','Crediting Interest Accrual Account','C','NC',5,'S001L1N11130','C',9000,'SYSTEM','2021-05-24 16:59:52.228000','Y','SYSTEM','2021-05-24 16:59:52.228000','Y','N',405),(105003,NULL,'KES',NULL,'2021-05-24','Debiting Customer Loan Account with the Loan Intake Fee','C','NC',6,'S001L1N15101','D',150,'SYSTEM','2021-05-24 16:59:52.228000','Y','SYSTEM','2021-05-24 16:59:52.228000','Y','N',406),(105003,NULL,'KES',NULL,'2021-05-24','Crediting Interest Income Account with Loan Intake fee','C','NC',7,'S001L1N11129','C',150,'SYSTEM','2021-05-24 16:59:52.228000','Y','SYSTEM','2021-05-24 16:59:52.228000','Y','N',407),(105003,NULL,'KES',NULL,'2021-05-24','Debiting Customer Loan Account with Interest Demand Amount','C','NC',8,'S001L1N15101','D',9000,'SYSTEM','2021-05-24 16:59:52.228000','Y','SYSTEM','2021-05-24 16:59:52.228000','Y','N',408),(105001,NULL,'KES',NULL,'2021-05-24','Debiting the Repayment Account with the Interest Demand repaid Amount','T','LR',1,'S001L1N11128','D',300,'1','2021-05-24 16:54:15.799000','Y','SYSTEM',NULL,'Y','N',409),(105001,NULL,'KES',NULL,'2021-05-24','Debiting Interest Accrual Account with Interest Amount Repaid','T','LR',2,'S001L1N11130','D',300,'1','2021-05-24 16:54:15.799000','Y','SYSTEM',NULL,'Y','N',410),(105001,NULL,'KES',NULL,'2021-05-24','Crediting Customer Loan Account with Principal Demand Repayment Amount','T','LR',3,'S001L1N11131','C',100,'1','2021-05-24 16:54:15.799000','Y','SYSTEM',NULL,'Y','N',411),(105001,NULL,'KES',NULL,'2021-05-24','Crediting Customer Loan Account with the Interest Demand Repaid Amount','T','LR',4,'S001L1N11131','C',300,'1','2021-05-24 16:54:15.799000','Y','SYSTEM',NULL,'Y','N',412),(105001,NULL,'KES',NULL,'2021-05-24','Crediting Interest Income Account with Interest Amount Repaid','T','LR',5,'S001L1N11129','C',300,'1','2021-05-24 16:54:15.799000','Y','SYSTEM',NULL,'Y','N',413),(105001,NULL,'KES',NULL,'2021-05-24','Debiting the Repayment Account with the Principal Demand Amount','T','LR',6,'S001L1N11128','D',100,'1','2021-05-24 16:54:15.799000','Y','SYSTEM',NULL,'Y','N',414),(105003,NULL,'KES',NULL,'2021-05-24','Crediting Loan Disbursement Table','C','NC',1,'S001L1N11127','C',3000,'SYSTEM','2021-05-24 16:59:52.228000','Y','SYSTEM','2021-05-24 16:59:52.228000','Y','N',415),(105003,NULL,'KES',NULL,'2021-05-24','Crediting the Interest Income Account with Processing Fee','C','NC',2,'S001L1N11129','C',100,'SYSTEM','2021-05-24 16:59:52.228000','Y','SYSTEM','2021-05-24 16:59:52.228000','Y','N',416),(105003,NULL,'KES',NULL,'2021-05-24','Debiting Customer Loan Account with Loan Processing fee','C','NC',3,'S001L1N15101','D',100,'SYSTEM','2021-05-24 16:59:52.228000','Y','SYSTEM','2021-05-24 16:59:52.228000','Y','N',417),(105003,NULL,'KES',NULL,'2021-05-24','Debiting Customer Loa Account with Principal Demand Amount','C','NC',4,'S001L1N15101','D',3000,'SYSTEM','2021-05-24 16:59:52.228000','Y','SYSTEM','2021-05-24 16:59:52.228000','Y','N',418),(105003,NULL,'KES',NULL,'2021-05-24','Crediting Interest Accrual Account','C','NC',5,'S001L1N11130','C',9000,'SYSTEM','2021-05-24 16:59:52.228000','Y','SYSTEM','2021-05-24 16:59:52.228000','Y','N',419),(105003,NULL,'KES',NULL,'2021-05-24','Debiting Customer Loan Account with the Loan Intake Fee','C','NC',6,'S001L1N15101','D',150,'SYSTEM','2021-05-24 16:59:52.228000','Y','SYSTEM','2021-05-24 16:59:52.228000','Y','N',420),(105003,NULL,'KES',NULL,'2021-05-24','Crediting Interest Income Account with Loan Intake fee','C','NC',7,'S001L1N11129','C',150,'SYSTEM','2021-05-24 16:59:52.228000','Y','SYSTEM','2021-05-24 16:59:52.228000','Y','N',421),(105003,NULL,'KES',NULL,'2021-05-24','Debiting Customer Loan Account with Interest Demand Amount','C','NC',8,'S001L1N15101','D',9000,'SYSTEM','2021-05-24 16:59:52.228000','Y','SYSTEM','2021-05-24 16:59:52.228000','Y','N',422),(105001,NULL,'KES',NULL,'2021-05-24','Debiting the Repayment Account with the Interest Demand repaid Amount','T','LR',1,'S001L1N11128','D',300,'1','2021-05-24 16:54:15.799000','Y','SYSTEM',NULL,'Y','N',423),(105001,NULL,'KES',NULL,'2021-05-24','Debiting Interest Accrual Account with Interest Amount Repaid','T','LR',2,'S001L1N11130','D',300,'1','2021-05-24 16:54:15.799000','Y','SYSTEM',NULL,'Y','N',424),(105001,NULL,'KES',NULL,'2021-05-24','Crediting Customer Loan Account with Principal Demand Repayment Amount','T','LR',3,'S001L1N11131','C',100,'1','2021-05-24 16:54:15.799000','Y','SYSTEM',NULL,'Y','N',425),(105001,NULL,'KES',NULL,'2021-05-24','Crediting Customer Loan Account with the Interest Demand Repaid Amount','T','LR',4,'S001L1N11131','C',300,'1','2021-05-24 16:54:15.799000','Y','SYSTEM',NULL,'Y','N',426),(105001,NULL,'KES',NULL,'2021-05-24','Crediting Interest Income Account with Interest Amount Repaid','T','LR',5,'S001L1N11129','C',300,'1','2021-05-24 16:54:15.799000','Y','SYSTEM',NULL,'Y','N',427),(105001,NULL,'KES',NULL,'2021-05-24','Debiting the Repayment Account with the Principal Demand Amount','T','LR',6,'S001L1N11128','D',100,'1','2021-05-24 16:54:15.799000','Y','SYSTEM',NULL,'Y','N',428),(105003,NULL,'KES',NULL,'2021-05-24','Crediting Loan Disbursement Table','C','NC',1,'S001L1N11127','C',3000,'SYSTEM','2021-05-24 16:59:52.228000','Y','SYSTEM','2021-05-24 16:59:52.228000','Y','N',429),(105003,NULL,'KES',NULL,'2021-05-24','Crediting the Interest Income Account with Processing Fee','C','NC',2,'S001L1N11129','C',100,'SYSTEM','2021-05-24 16:59:52.228000','Y','SYSTEM','2021-05-24 16:59:52.228000','Y','N',430),(105003,NULL,'KES',NULL,'2021-05-24','Debiting Customer Loan Account with Loan Processing fee','C','NC',3,'S001L1N15101','D',100,'SYSTEM','2021-05-24 16:59:52.228000','Y','SYSTEM','2021-05-24 16:59:52.228000','Y','N',431),(105003,NULL,'KES',NULL,'2021-05-24','Debiting Customer Loa Account with Principal Demand Amount','C','NC',4,'S001L1N15101','D',3000,'SYSTEM','2021-05-24 16:59:52.228000','Y','SYSTEM','2021-05-24 16:59:52.228000','Y','N',432),(105003,NULL,'KES',NULL,'2021-05-24','Crediting Interest Accrual Account','C','NC',5,'S001L1N11130','C',9000,'SYSTEM','2021-05-24 16:59:52.228000','Y','SYSTEM','2021-05-24 16:59:52.228000','Y','N',433),(105003,NULL,'KES',NULL,'2021-05-24','Debiting Customer Loan Account with the Loan Intake Fee','C','NC',6,'S001L1N15101','D',150,'SYSTEM','2021-05-24 16:59:52.228000','Y','SYSTEM','2021-05-24 16:59:52.228000','Y','N',434),(105003,NULL,'KES',NULL,'2021-05-24','Crediting Interest Income Account with Loan Intake fee','C','NC',7,'S001L1N11129','C',150,'SYSTEM','2021-05-24 16:59:52.228000','Y','SYSTEM','2021-05-24 16:59:52.228000','Y','N',435),(105003,NULL,'KES',NULL,'2021-05-24','Debiting Customer Loan Account with Interest Demand Amount','C','NC',8,'S001L1N15101','D',9000,'SYSTEM','2021-05-24 16:59:52.228000','Y','SYSTEM','2021-05-24 16:59:52.228000','Y','N',436),(105001,NULL,'KES',NULL,'2021-05-24','Debiting the Repayment Account with the Interest Demand repaid Amount','T','LR',1,'S001L1N11128','D',300,'1','2021-05-24 16:54:15.799000','Y','SYSTEM',NULL,'Y','N',437),(105001,NULL,'KES',NULL,'2021-05-24','Debiting Interest Accrual Account with Interest Amount Repaid','T','LR',2,'S001L1N11130','D',300,'1','2021-05-24 16:54:15.799000','Y','SYSTEM',NULL,'Y','N',438),(105001,NULL,'KES',NULL,'2021-05-24','Crediting Customer Loan Account with Principal Demand Repayment Amount','T','LR',3,'S001L1N11131','C',100,'1','2021-05-24 16:54:15.799000','Y','SYSTEM',NULL,'Y','N',439),(105001,NULL,'KES',NULL,'2021-05-24','Crediting Customer Loan Account with the Interest Demand Repaid Amount','T','LR',4,'S001L1N11131','C',300,'1','2021-05-24 16:54:15.799000','Y','SYSTEM',NULL,'Y','N',440),(105001,NULL,'KES',NULL,'2021-05-24','Crediting Interest Income Account with Interest Amount Repaid','T','LR',5,'S001L1N11129','C',300,'1','2021-05-24 16:54:15.799000','Y','SYSTEM',NULL,'Y','N',441),(105001,NULL,'KES',NULL,'2021-05-24','Debiting the Repayment Account with the Principal Demand Amount','T','LR',6,'S001L1N11128','D',100,'1','2021-05-24 16:54:15.799000','Y','SYSTEM',NULL,'Y','N',442),(105003,NULL,'KES',NULL,'2021-05-24','Crediting Loan Disbursement Table','C','NC',1,'S001L1N11127','C',3000,'SYSTEM','2021-05-24 16:59:52.228000','Y','SYSTEM','2021-05-24 16:59:52.228000','Y','N',443),(105003,NULL,'KES',NULL,'2021-05-24','Crediting the Interest Income Account with Processing Fee','C','NC',2,'S001L1N11129','C',100,'SYSTEM','2021-05-24 16:59:52.228000','Y','SYSTEM','2021-05-24 16:59:52.228000','Y','N',444),(105003,NULL,'KES',NULL,'2021-05-24','Debiting Customer Loan Account with Loan Processing fee','C','NC',3,'S001L1N15101','D',100,'SYSTEM','2021-05-24 16:59:52.228000','Y','SYSTEM','2021-05-24 16:59:52.228000','Y','N',445),(105003,NULL,'KES',NULL,'2021-05-24','Debiting Customer Loa Account with Principal Demand Amount','C','NC',4,'S001L1N15101','D',3000,'SYSTEM','2021-05-24 16:59:52.228000','Y','SYSTEM','2021-05-24 16:59:52.228000','Y','N',446),(105003,NULL,'KES',NULL,'2021-05-24','Crediting Interest Accrual Account','C','NC',5,'S001L1N11130','C',9000,'SYSTEM','2021-05-24 16:59:52.228000','Y','SYSTEM','2021-05-24 16:59:52.228000','Y','N',447),(105003,NULL,'KES',NULL,'2021-05-24','Debiting Customer Loan Account with the Loan Intake Fee','C','NC',6,'S001L1N15101','D',150,'SYSTEM','2021-05-24 16:59:52.228000','Y','SYSTEM','2021-05-24 16:59:52.228000','Y','N',448),(105003,NULL,'KES',NULL,'2021-05-24','Crediting Interest Income Account with Loan Intake fee','C','NC',7,'S001L1N11129','C',150,'SYSTEM','2021-05-24 16:59:52.228000','Y','SYSTEM','2021-05-24 16:59:52.228000','Y','N',449),(105003,NULL,'KES',NULL,'2021-05-24','Debiting Customer Loan Account with Interest Demand Amount','C','NC',8,'S001L1N15101','D',9000,'SYSTEM','2021-05-24 16:59:52.228000','Y','SYSTEM','2021-05-24 16:59:52.228000','Y','N',450),(105001,NULL,'KES',NULL,'2021-05-24','Debiting the Repayment Account with the Interest Demand repaid Amount','T','LR',1,'S001L1N11128','D',300,'1','2021-05-24 16:54:15.799000','Y','SYSTEM',NULL,'Y','N',451),(105001,NULL,'KES',NULL,'2021-05-24','Debiting Interest Accrual Account with Interest Amount Repaid','T','LR',2,'S001L1N11130','D',300,'1','2021-05-24 16:54:15.799000','Y','SYSTEM',NULL,'Y','N',452),(105001,NULL,'KES',NULL,'2021-05-24','Crediting Customer Loan Account with Principal Demand Repayment Amount','T','LR',3,'S001L1N11131','C',100,'1','2021-05-24 16:54:15.799000','Y','SYSTEM',NULL,'Y','N',453),(105001,NULL,'KES',NULL,'2021-05-24','Crediting Customer Loan Account with the Interest Demand Repaid Amount','T','LR',4,'S001L1N11131','C',300,'1','2021-05-24 16:54:15.799000','Y','SYSTEM',NULL,'Y','N',454),(105001,NULL,'KES',NULL,'2021-05-24','Crediting Interest Income Account with Interest Amount Repaid','T','LR',5,'S001L1N11129','C',300,'1','2021-05-24 16:54:15.799000','Y','SYSTEM',NULL,'Y','N',455),(105001,NULL,'KES',NULL,'2021-05-24','Debiting the Repayment Account with the Principal Demand Amount','T','LR',6,'S001L1N11128','D',100,'1','2021-05-24 16:54:15.799000','Y','SYSTEM',NULL,'Y','N',456),(105003,NULL,'KES',NULL,'2021-05-24','Crediting Loan Disbursement Table','C','NC',1,'S001L1N11127','C',3000,'SYSTEM','2021-05-24 16:59:52.228000','Y','SYSTEM','2021-05-24 16:59:52.228000','Y','N',457),(105003,NULL,'KES',NULL,'2021-05-24','Crediting the Interest Income Account with Processing Fee','C','NC',2,'S001L1N11129','C',100,'SYSTEM','2021-05-24 16:59:52.228000','Y','SYSTEM','2021-05-24 16:59:52.228000','Y','N',458),(105003,NULL,'KES',NULL,'2021-05-24','Debiting Customer Loan Account with Loan Processing fee','C','NC',3,'S001L1N15101','D',100,'SYSTEM','2021-05-24 16:59:52.228000','Y','SYSTEM','2021-05-24 16:59:52.228000','Y','N',459),(105003,NULL,'KES',NULL,'2021-05-24','Debiting Customer Loa Account with Principal Demand Amount','C','NC',4,'S001L1N15101','D',3000,'SYSTEM','2021-05-24 16:59:52.228000','Y','SYSTEM','2021-05-24 16:59:52.228000','Y','N',460),(105003,NULL,'KES',NULL,'2021-05-24','Crediting Interest Accrual Account','C','NC',5,'S001L1N11130','C',9000,'SYSTEM','2021-05-24 16:59:52.228000','Y','SYSTEM','2021-05-24 16:59:52.228000','Y','N',461),(105003,NULL,'KES',NULL,'2021-05-24','Debiting Customer Loan Account with the Loan Intake Fee','C','NC',6,'S001L1N15101','D',150,'SYSTEM','2021-05-24 16:59:52.228000','Y','SYSTEM','2021-05-24 16:59:52.228000','Y','N',462),(105003,NULL,'KES',NULL,'2021-05-24','Crediting Interest Income Account with Loan Intake fee','C','NC',7,'S001L1N11129','C',150,'SYSTEM','2021-05-24 16:59:52.228000','Y','SYSTEM','2021-05-24 16:59:52.228000','Y','N',463),(105003,NULL,'KES',NULL,'2021-05-24','Debiting Customer Loan Account with Interest Demand Amount','C','NC',8,'S001L1N15101','D',9000,'SYSTEM','2021-05-24 16:59:52.228000','Y','SYSTEM','2021-05-24 16:59:52.228000','Y','N',464),(105001,NULL,'KES',NULL,'2021-05-24','Debiting the Repayment Account with the Interest Demand repaid Amount','T','LR',1,'S001L1N11128','D',300,'1','2021-05-24 16:54:15.799000','Y','SYSTEM',NULL,'Y','N',465),(105001,NULL,'KES',NULL,'2021-05-24','Debiting Interest Accrual Account with Interest Amount Repaid','T','LR',2,'S001L1N11130','D',300,'1','2021-05-24 16:54:15.799000','Y','SYSTEM',NULL,'Y','N',466),(105001,NULL,'KES',NULL,'2021-05-24','Crediting Customer Loan Account with Principal Demand Repayment Amount','T','LR',3,'S001L1N11131','C',100,'1','2021-05-24 16:54:15.799000','Y','SYSTEM',NULL,'Y','N',467),(105001,NULL,'KES',NULL,'2021-05-24','Crediting Customer Loan Account with the Interest Demand Repaid Amount','T','LR',4,'S001L1N11131','C',300,'1','2021-05-24 16:54:15.799000','Y','SYSTEM',NULL,'Y','N',468),(105001,NULL,'KES',NULL,'2021-05-24','Crediting Interest Income Account with Interest Amount Repaid','T','LR',5,'S001L1N11129','C',300,'1','2021-05-24 16:54:15.799000','Y','SYSTEM',NULL,'Y','N',469),(105001,NULL,'KES',NULL,'2021-05-24','Debiting the Repayment Account with the Principal Demand Amount','T','LR',6,'S001L1N11128','D',100,'1','2021-05-24 16:54:15.799000','Y','SYSTEM',NULL,'Y','N',470),(105003,NULL,'KES',NULL,'2021-05-24','Crediting Loan Disbursement Table','C','NC',1,'S001L1N11127','C',3000,'SYSTEM','2021-05-24 16:59:52.228000','Y','SYSTEM','2021-05-24 16:59:52.228000','Y','N',471),(105003,NULL,'KES',NULL,'2021-05-24','Crediting the Interest Income Account with Processing Fee','C','NC',2,'S001L1N11129','C',100,'SYSTEM','2021-05-24 16:59:52.228000','Y','SYSTEM','2021-05-24 16:59:52.228000','Y','N',472),(105003,NULL,'KES',NULL,'2021-05-24','Debiting Customer Loan Account with Loan Processing fee','C','NC',3,'S001L1N15101','D',100,'SYSTEM','2021-05-24 16:59:52.228000','Y','SYSTEM','2021-05-24 16:59:52.228000','Y','N',473),(105003,NULL,'KES',NULL,'2021-05-24','Debiting Customer Loa Account with Principal Demand Amount','C','NC',4,'S001L1N15101','D',3000,'SYSTEM','2021-05-24 16:59:52.228000','Y','SYSTEM','2021-05-24 16:59:52.228000','Y','N',474),(105003,NULL,'KES',NULL,'2021-05-24','Crediting Interest Accrual Account','C','NC',5,'S001L1N11130','C',9000,'SYSTEM','2021-05-24 16:59:52.228000','Y','SYSTEM','2021-05-24 16:59:52.228000','Y','N',475),(105003,NULL,'KES',NULL,'2021-05-24','Debiting Customer Loan Account with the Loan Intake Fee','C','NC',6,'S001L1N15101','D',150,'SYSTEM','2021-05-24 16:59:52.228000','Y','SYSTEM','2021-05-24 16:59:52.228000','Y','N',476),(105003,NULL,'KES',NULL,'2021-05-24','Crediting Interest Income Account with Loan Intake fee','C','NC',7,'S001L1N11129','C',150,'SYSTEM','2021-05-24 16:59:52.228000','Y','SYSTEM','2021-05-24 16:59:52.228000','Y','N',477),(105003,NULL,'KES',NULL,'2021-05-24','Debiting Customer Loan Account with Interest Demand Amount','C','NC',8,'S001L1N15101','D',9000,'SYSTEM','2021-05-24 16:59:52.228000','Y','SYSTEM','2021-05-24 16:59:52.228000','Y','N',478),(105001,NULL,'KES',NULL,'2021-05-24','Debiting the Repayment Account with the Interest Demand repaid Amount','T','LR',1,'S001L1N11128','D',300,'1','2021-05-24 16:54:15.799000','Y','SYSTEM',NULL,'Y','N',479),(105001,NULL,'KES',NULL,'2021-05-24','Debiting Interest Accrual Account with Interest Amount Repaid','T','LR',2,'S001L1N11130','D',300,'1','2021-05-24 16:54:15.799000','Y','SYSTEM',NULL,'Y','N',480),(105001,NULL,'KES',NULL,'2021-05-24','Crediting Customer Loan Account with Principal Demand Repayment Amount','T','LR',3,'S001L1N11131','C',100,'1','2021-05-24 16:54:15.799000','Y','SYSTEM',NULL,'Y','N',481),(105001,NULL,'KES',NULL,'2021-05-24','Crediting Customer Loan Account with the Interest Demand Repaid Amount','T','LR',4,'S001L1N11131','C',300,'1','2021-05-24 16:54:15.799000','Y','SYSTEM',NULL,'Y','N',482),(105001,NULL,'KES',NULL,'2021-05-24','Crediting Interest Income Account with Interest Amount Repaid','T','LR',5,'S001L1N11129','C',300,'1','2021-05-24 16:54:15.799000','Y','SYSTEM',NULL,'Y','N',483),(105001,NULL,'KES',NULL,'2021-05-24','Debiting the Repayment Account with the Principal Demand Amount','T','LR',6,'S001L1N11128','D',100,'1','2021-05-24 16:54:15.799000','Y','SYSTEM',NULL,'Y','N',484),(105003,NULL,'KES',NULL,'2021-05-24','Crediting Loan Disbursement Table','C','NC',1,'S001L1N11127','C',3000,'SYSTEM','2021-05-24 16:59:52.228000','Y','SYSTEM','2021-05-24 16:59:52.228000','Y','N',485),(105003,NULL,'KES',NULL,'2021-05-24','Crediting the Interest Income Account with Processing Fee','C','NC',2,'S001L1N11129','C',100,'SYSTEM','2021-05-24 16:59:52.228000','Y','SYSTEM','2021-05-24 16:59:52.228000','Y','N',486),(105003,NULL,'KES',NULL,'2021-05-24','Debiting Customer Loan Account with Loan Processing fee','C','NC',3,'S001L1N15101','D',100,'SYSTEM','2021-05-24 16:59:52.228000','Y','SYSTEM','2021-05-24 16:59:52.228000','Y','N',487),(105003,NULL,'KES',NULL,'2021-05-24','Debiting Customer Loa Account with Principal Demand Amount','C','NC',4,'S001L1N15101','D',3000,'SYSTEM','2021-05-24 16:59:52.228000','Y','SYSTEM','2021-05-24 16:59:52.228000','Y','N',488),(105003,NULL,'KES',NULL,'2021-05-24','Crediting Interest Accrual Account','C','NC',5,'S001L1N11130','C',9000,'SYSTEM','2021-05-24 16:59:52.228000','Y','SYSTEM','2021-05-24 16:59:52.228000','Y','N',489),(105003,NULL,'KES',NULL,'2021-05-24','Debiting Customer Loan Account with the Loan Intake Fee','C','NC',6,'S001L1N15101','D',150,'SYSTEM','2021-05-24 16:59:52.228000','Y','SYSTEM','2021-05-24 16:59:52.228000','Y','N',490),(105003,NULL,'KES',NULL,'2021-05-24','Crediting Interest Income Account with Loan Intake fee','C','NC',7,'S001L1N11129','C',150,'SYSTEM','2021-05-24 16:59:52.228000','Y','SYSTEM','2021-05-24 16:59:52.228000','Y','N',491),(105003,NULL,'KES',NULL,'2021-05-24','Debiting Customer Loan Account with Interest Demand Amount','C','NC',8,'S001L1N15101','D',9000,'SYSTEM','2021-05-24 16:59:52.228000','Y','SYSTEM','2021-05-24 16:59:52.228000','Y','N',492),(105001,NULL,'KES',NULL,'2021-05-24','Debiting the Repayment Account with the Interest Demand repaid Amount','T','LR',1,'S001L1N11128','D',300,'1','2021-05-24 16:54:15.799000','Y','SYSTEM',NULL,'Y','N',493),(105001,NULL,'KES',NULL,'2021-05-24','Debiting Interest Accrual Account with Interest Amount Repaid','T','LR',2,'S001L1N11130','D',300,'1','2021-05-24 16:54:15.799000','Y','SYSTEM',NULL,'Y','N',494),(105001,NULL,'KES',NULL,'2021-05-24','Crediting Customer Loan Account with Principal Demand Repayment Amount','T','LR',3,'S001L1N11131','C',100,'1','2021-05-24 16:54:15.799000','Y','SYSTEM',NULL,'Y','N',495),(105001,NULL,'KES',NULL,'2021-05-24','Crediting Customer Loan Account with the Interest Demand Repaid Amount','T','LR',4,'S001L1N11131','C',300,'1','2021-05-24 16:54:15.799000','Y','SYSTEM',NULL,'Y','N',496),(105001,NULL,'KES',NULL,'2021-05-24','Crediting Interest Income Account with Interest Amount Repaid','T','LR',5,'S001L1N11129','C',300,'1','2021-05-24 16:54:15.799000','Y','SYSTEM',NULL,'Y','N',497),(105001,NULL,'KES',NULL,'2021-05-24','Debiting the Repayment Account with the Principal Demand Amount','T','LR',6,'S001L1N11128','D',100,'1','2021-05-24 16:54:15.799000','Y','SYSTEM',NULL,'Y','N',498),(105003,NULL,'KES',NULL,'2021-05-24','Crediting Loan Disbursement Table','C','NC',1,'S001L1N11127','C',3000,'SYSTEM','2021-05-24 16:59:52.228000','Y','SYSTEM','2021-05-24 16:59:52.228000','Y','N',499),(105003,NULL,'KES',NULL,'2021-05-24','Crediting the Interest Income Account with Processing Fee','C','NC',2,'S001L1N11129','C',100,'SYSTEM','2021-05-24 16:59:52.228000','Y','SYSTEM','2021-05-24 16:59:52.228000','Y','N',500),(105003,NULL,'KES',NULL,'2021-05-24','Debiting Customer Loan Account with Loan Processing fee','C','NC',3,'S001L1N15101','D',100,'SYSTEM','2021-05-24 16:59:52.228000','Y','SYSTEM','2021-05-24 16:59:52.228000','Y','N',501),(105003,NULL,'KES',NULL,'2021-05-24','Debiting Customer Loa Account with Principal Demand Amount','C','NC',4,'S001L1N15101','D',3000,'SYSTEM','2021-05-24 16:59:52.228000','Y','SYSTEM','2021-05-24 16:59:52.228000','Y','N',502),(105003,NULL,'KES',NULL,'2021-05-24','Crediting Interest Accrual Account','C','NC',5,'S001L1N11130','C',9000,'SYSTEM','2021-05-24 16:59:52.228000','Y','SYSTEM','2021-05-24 16:59:52.228000','Y','N',503),(105003,NULL,'KES',NULL,'2021-05-24','Debiting Customer Loan Account with the Loan Intake Fee','C','NC',6,'S001L1N15101','D',150,'SYSTEM','2021-05-24 16:59:52.228000','Y','SYSTEM','2021-05-24 16:59:52.228000','Y','N',504),(105003,NULL,'KES',NULL,'2021-05-24','Crediting Interest Income Account with Loan Intake fee','C','NC',7,'S001L1N11129','C',150,'SYSTEM','2021-05-24 16:59:52.228000','Y','SYSTEM','2021-05-24 16:59:52.228000','Y','N',505),(105003,NULL,'KES',NULL,'2021-05-24','Debiting Customer Loan Account with Interest Demand Amount','C','NC',8,'S001L1N15101','D',9000,'SYSTEM','2021-05-24 16:59:52.228000','Y','SYSTEM','2021-05-24 16:59:52.228000','Y','N',506),(105001,NULL,'KES',NULL,'2021-05-24','Debiting the Repayment Account with the Interest Demand repaid Amount','T','LR',1,'S001L1N11128','D',300,'1','2021-05-24 16:54:15.799000','Y','SYSTEM',NULL,'Y','N',507),(105001,NULL,'KES',NULL,'2021-05-24','Debiting Interest Accrual Account with Interest Amount Repaid','T','LR',2,'S001L1N11130','D',300,'1','2021-05-24 16:54:15.799000','Y','SYSTEM',NULL,'Y','N',508),(105001,NULL,'KES',NULL,'2021-05-24','Crediting Customer Loan Account with Principal Demand Repayment Amount','T','LR',3,'S001L1N11131','C',100,'1','2021-05-24 16:54:15.799000','Y','SYSTEM',NULL,'Y','N',509),(105001,NULL,'KES',NULL,'2021-05-24','Crediting Customer Loan Account with the Interest Demand Repaid Amount','T','LR',4,'S001L1N11131','C',300,'1','2021-05-24 16:54:15.799000','Y','SYSTEM',NULL,'Y','N',510),(105001,NULL,'KES',NULL,'2021-05-24','Crediting Interest Income Account with Interest Amount Repaid','T','LR',5,'S001L1N11129','C',300,'1','2021-05-24 16:54:15.799000','Y','SYSTEM',NULL,'Y','N',511),(105001,NULL,'KES',NULL,'2021-05-24','Debiting the Repayment Account with the Principal Demand Amount','T','LR',6,'S001L1N11128','D',100,'1','2021-05-24 16:54:15.799000','Y','SYSTEM',NULL,'Y','N',512),(105003,NULL,'KES',NULL,'2021-05-24','Crediting Loan Disbursement Table','C','NC',1,'S001L1N11127','C',3000,'SYSTEM','2021-05-24 16:59:52.228000','Y','SYSTEM','2021-05-24 16:59:52.228000','Y','N',513),(105003,NULL,'KES',NULL,'2021-05-24','Crediting the Interest Income Account with Processing Fee','C','NC',2,'S001L1N11129','C',100,'SYSTEM','2021-05-24 16:59:52.228000','Y','SYSTEM','2021-05-24 16:59:52.228000','Y','N',514),(105003,NULL,'KES',NULL,'2021-05-24','Debiting Customer Loan Account with Loan Processing fee','C','NC',3,'S001L1N15101','D',100,'SYSTEM','2021-05-24 16:59:52.228000','Y','SYSTEM','2021-05-24 16:59:52.228000','Y','N',515),(105003,NULL,'KES',NULL,'2021-05-24','Debiting Customer Loa Account with Principal Demand Amount','C','NC',4,'S001L1N15101','D',3000,'SYSTEM','2021-05-24 16:59:52.228000','Y','SYSTEM','2021-05-24 16:59:52.228000','Y','N',516),(105003,NULL,'KES',NULL,'2021-05-24','Crediting Interest Accrual Account','C','NC',5,'S001L1N11130','C',9000,'SYSTEM','2021-05-24 16:59:52.228000','Y','SYSTEM','2021-05-24 16:59:52.228000','Y','N',517),(105003,NULL,'KES',NULL,'2021-05-24','Debiting Customer Loan Account with the Loan Intake Fee','C','NC',6,'S001L1N15101','D',150,'SYSTEM','2021-05-24 16:59:52.228000','Y','SYSTEM','2021-05-24 16:59:52.228000','Y','N',518),(105003,NULL,'KES',NULL,'2021-05-24','Crediting Interest Income Account with Loan Intake fee','C','NC',7,'S001L1N11129','C',150,'SYSTEM','2021-05-24 16:59:52.228000','Y','SYSTEM','2021-05-24 16:59:52.228000','Y','N',519),(105003,NULL,'KES',NULL,'2021-05-24','Debiting Customer Loan Account with Interest Demand Amount','C','NC',8,'S001L1N15101','D',9000,'SYSTEM','2021-05-24 16:59:52.228000','Y','SYSTEM','2021-05-24 16:59:52.228000','Y','N',520),(105001,NULL,'KES',NULL,'2021-05-24','Debiting the Repayment Account with the Interest Demand repaid Amount','T','LR',1,'S001L1N11128','D',300,'1','2021-05-24 16:54:15.799000','Y','SYSTEM',NULL,'Y','N',521),(105001,NULL,'KES',NULL,'2021-05-24','Debiting Interest Accrual Account with Interest Amount Repaid','T','LR',2,'S001L1N11130','D',300,'1','2021-05-24 16:54:15.799000','Y','SYSTEM',NULL,'Y','N',522),(105001,NULL,'KES',NULL,'2021-05-24','Crediting Customer Loan Account with Principal Demand Repayment Amount','T','LR',3,'S001L1N11131','C',100,'1','2021-05-24 16:54:15.799000','Y','SYSTEM',NULL,'Y','N',523),(105001,NULL,'KES',NULL,'2021-05-24','Crediting Customer Loan Account with the Interest Demand Repaid Amount','T','LR',4,'S001L1N11131','C',300,'1','2021-05-24 16:54:15.799000','Y','SYSTEM',NULL,'Y','N',524),(105001,NULL,'KES',NULL,'2021-05-24','Crediting Interest Income Account with Interest Amount Repaid','T','LR',5,'S001L1N11129','C',300,'1','2021-05-24 16:54:15.799000','Y','SYSTEM',NULL,'Y','N',525),(105001,NULL,'KES',NULL,'2021-05-24','Debiting the Repayment Account with the Principal Demand Amount','T','LR',6,'S001L1N11128','D',100,'1','2021-05-24 16:54:15.799000','Y','SYSTEM',NULL,'Y','N',526),(105003,NULL,'KES',NULL,'2021-05-24','Crediting Loan Disbursement Table','C','NC',1,'S001L1N11127','C',3000,'SYSTEM','2021-05-24 16:59:52.228000','Y','SYSTEM','2021-05-24 16:59:52.228000','Y','N',527),(105003,NULL,'KES',NULL,'2021-05-24','Crediting the Interest Income Account with Processing Fee','C','NC',2,'S001L1N11129','C',100,'SYSTEM','2021-05-24 16:59:52.228000','Y','SYSTEM','2021-05-24 16:59:52.228000','Y','N',528),(105003,NULL,'KES',NULL,'2021-05-24','Debiting Customer Loan Account with Loan Processing fee','C','NC',3,'S001L1N15101','D',100,'SYSTEM','2021-05-24 16:59:52.228000','Y','SYSTEM','2021-05-24 16:59:52.228000','Y','N',529),(105003,NULL,'KES',NULL,'2021-05-24','Debiting Customer Loa Account with Principal Demand Amount','C','NC',4,'S001L1N15101','D',3000,'SYSTEM','2021-05-24 16:59:52.228000','Y','SYSTEM','2021-05-24 16:59:52.228000','Y','N',530),(105003,NULL,'KES',NULL,'2021-05-24','Crediting Interest Accrual Account','C','NC',5,'S001L1N11130','C',9000,'SYSTEM','2021-05-24 16:59:52.228000','Y','SYSTEM','2021-05-24 16:59:52.228000','Y','N',531),(105003,NULL,'KES',NULL,'2021-05-24','Debiting Customer Loan Account with the Loan Intake Fee','C','NC',6,'S001L1N15101','D',150,'SYSTEM','2021-05-24 16:59:52.228000','Y','SYSTEM','2021-05-24 16:59:52.228000','Y','N',532),(105003,NULL,'KES',NULL,'2021-05-24','Crediting Interest Income Account with Loan Intake fee','C','NC',7,'S001L1N11129','C',150,'SYSTEM','2021-05-24 16:59:52.228000','Y','SYSTEM','2021-05-24 16:59:52.228000','Y','N',533),(105003,NULL,'KES',NULL,'2021-05-24','Debiting Customer Loan Account with Interest Demand Amount','C','NC',8,'S001L1N15101','D',9000,'SYSTEM','2021-05-24 16:59:52.228000','Y','SYSTEM','2021-05-24 16:59:52.228000','Y','N',534),(105001,NULL,'KES',NULL,'2021-05-24','Debiting the Repayment Account with the Interest Demand repaid Amount','T','LR',1,'S001L1N11128','D',300,'1','2021-05-24 16:54:15.799000','Y','SYSTEM',NULL,'Y','N',535),(105001,NULL,'KES',NULL,'2021-05-24','Debiting Interest Accrual Account with Interest Amount Repaid','T','LR',2,'S001L1N11130','D',300,'1','2021-05-24 16:54:15.799000','Y','SYSTEM',NULL,'Y','N',536),(105001,NULL,'KES',NULL,'2021-05-24','Crediting Customer Loan Account with Principal Demand Repayment Amount','T','LR',3,'S001L1N11131','C',100,'1','2021-05-24 16:54:15.799000','Y','SYSTEM',NULL,'Y','N',537),(105001,NULL,'KES',NULL,'2021-05-24','Crediting Customer Loan Account with the Interest Demand Repaid Amount','T','LR',4,'S001L1N11131','C',300,'1','2021-05-24 16:54:15.799000','Y','SYSTEM',NULL,'Y','N',538),(105001,NULL,'KES',NULL,'2021-05-24','Crediting Interest Income Account with Interest Amount Repaid','T','LR',5,'S001L1N11129','C',300,'1','2021-05-24 16:54:15.799000','Y','SYSTEM',NULL,'Y','N',539),(105001,NULL,'KES',NULL,'2021-05-24','Debiting the Repayment Account with the Principal Demand Amount','T','LR',6,'S001L1N11128','D',100,'1','2021-05-24 16:54:15.799000','Y','SYSTEM',NULL,'Y','N',540),(105003,NULL,'KES',NULL,'2021-05-24','Crediting Loan Disbursement Table','C','NC',1,'S001L1N11127','C',3000,'SYSTEM','2021-05-24 16:59:52.228000','Y','SYSTEM','2021-05-24 16:59:52.228000','Y','N',541),(105003,NULL,'KES',NULL,'2021-05-24','Crediting the Interest Income Account with Processing Fee','C','NC',2,'S001L1N11129','C',100,'SYSTEM','2021-05-24 16:59:52.228000','Y','SYSTEM','2021-05-24 16:59:52.228000','Y','N',542),(105003,NULL,'KES',NULL,'2021-05-24','Debiting Customer Loan Account with Loan Processing fee','C','NC',3,'S001L1N15101','D',100,'SYSTEM','2021-05-24 16:59:52.228000','Y','SYSTEM','2021-05-24 16:59:52.228000','Y','N',543),(105003,NULL,'KES',NULL,'2021-05-24','Debiting Customer Loa Account with Principal Demand Amount','C','NC',4,'S001L1N15101','D',3000,'SYSTEM','2021-05-24 16:59:52.228000','Y','SYSTEM','2021-05-24 16:59:52.228000','Y','N',544),(105003,NULL,'KES',NULL,'2021-05-24','Crediting Interest Accrual Account','C','NC',5,'S001L1N11130','C',9000,'SYSTEM','2021-05-24 16:59:52.228000','Y','SYSTEM','2021-05-24 16:59:52.228000','Y','N',545),(105003,NULL,'KES',NULL,'2021-05-24','Debiting Customer Loan Account with the Loan Intake Fee','C','NC',6,'S001L1N15101','D',150,'SYSTEM','2021-05-24 16:59:52.228000','Y','SYSTEM','2021-05-24 16:59:52.228000','Y','N',546),(105003,NULL,'KES',NULL,'2021-05-24','Crediting Interest Income Account with Loan Intake fee','C','NC',7,'S001L1N11129','C',150,'SYSTEM','2021-05-24 16:59:52.228000','Y','SYSTEM','2021-05-24 16:59:52.228000','Y','N',547),(105003,NULL,'KES',NULL,'2021-05-24','Debiting Customer Loan Account with Interest Demand Amount','C','NC',8,'S001L1N15101','D',9000,'SYSTEM','2021-05-24 16:59:52.228000','Y','SYSTEM','2021-05-24 16:59:52.228000','Y','N',548),(105001,NULL,'KES',NULL,'2021-05-24','Debiting the Repayment Account with the Interest Demand repaid Amount','T','LR',1,'S001L1N11128','D',300,'1','2021-05-24 16:54:15.799000','Y','SYSTEM',NULL,'Y','N',549),(105001,NULL,'KES',NULL,'2021-05-24','Debiting Interest Accrual Account with Interest Amount Repaid','T','LR',2,'S001L1N11130','D',300,'1','2021-05-24 16:54:15.799000','Y','SYSTEM',NULL,'Y','N',550),(105001,NULL,'KES',NULL,'2021-05-24','Crediting Customer Loan Account with Principal Demand Repayment Amount','T','LR',3,'S001L1N11131','C',100,'1','2021-05-24 16:54:15.799000','Y','SYSTEM',NULL,'Y','N',551),(105001,NULL,'KES',NULL,'2021-05-24','Crediting Customer Loan Account with the Interest Demand Repaid Amount','T','LR',4,'S001L1N11131','C',300,'1','2021-05-24 16:54:15.799000','Y','SYSTEM',NULL,'Y','N',552),(105001,NULL,'KES',NULL,'2021-05-24','Crediting Interest Income Account with Interest Amount Repaid','T','LR',5,'S001L1N11129','C',300,'1','2021-05-24 16:54:15.799000','Y','SYSTEM',NULL,'Y','N',553),(105001,NULL,'KES',NULL,'2021-05-24','Debiting the Repayment Account with the Principal Demand Amount','T','LR',6,'S001L1N11128','D',100,'1','2021-05-24 16:54:15.799000','Y','SYSTEM',NULL,'Y','N',554),(105003,NULL,'KES',NULL,'2021-05-24','Crediting Loan Disbursement Table','C','NC',1,'S001L1N11127','C',3000,'SYSTEM','2021-05-24 16:59:52.228000','Y','SYSTEM','2021-05-24 16:59:52.228000','Y','N',555),(105003,NULL,'KES',NULL,'2021-05-24','Crediting the Interest Income Account with Processing Fee','C','NC',2,'S001L1N11129','C',100,'SYSTEM','2021-05-24 16:59:52.228000','Y','SYSTEM','2021-05-24 16:59:52.228000','Y','N',556),(105003,NULL,'KES',NULL,'2021-05-24','Debiting Customer Loan Account with Loan Processing fee','C','NC',3,'S001L1N15101','D',100,'SYSTEM','2021-05-24 16:59:52.228000','Y','SYSTEM','2021-05-24 16:59:52.228000','Y','N',557),(105003,NULL,'KES',NULL,'2021-05-24','Debiting Customer Loa Account with Principal Demand Amount','C','NC',4,'S001L1N15101','D',3000,'SYSTEM','2021-05-24 16:59:52.228000','Y','SYSTEM','2021-05-24 16:59:52.228000','Y','N',558),(105003,NULL,'KES',NULL,'2021-05-24','Crediting Interest Accrual Account','C','NC',5,'S001L1N11130','C',9000,'SYSTEM','2021-05-24 16:59:52.228000','Y','SYSTEM','2021-05-24 16:59:52.228000','Y','N',559),(105003,NULL,'KES',NULL,'2021-05-24','Debiting Customer Loan Account with the Loan Intake Fee','C','NC',6,'S001L1N15101','D',150,'SYSTEM','2021-05-24 16:59:52.228000','Y','SYSTEM','2021-05-24 16:59:52.228000','Y','N',560),(105003,NULL,'KES',NULL,'2021-05-24','Crediting Interest Income Account with Loan Intake fee','C','NC',7,'S001L1N11129','C',150,'SYSTEM','2021-05-24 16:59:52.228000','Y','SYSTEM','2021-05-24 16:59:52.228000','Y','N',561),(105003,NULL,'KES',NULL,'2021-05-24','Debiting Customer Loan Account with Interest Demand Amount','C','NC',8,'S001L1N15101','D',9000,'SYSTEM','2021-05-24 16:59:52.228000','Y','SYSTEM','2021-05-24 16:59:52.228000','Y','N',562),(105001,NULL,'KES',NULL,'2021-05-24','Debiting the Repayment Account with the Interest Demand repaid Amount','T','LR',1,'S001L1N11128','D',300,'1','2021-05-24 16:54:15.799000','Y','SYSTEM',NULL,'Y','N',563),(105001,NULL,'KES',NULL,'2021-05-24','Debiting Interest Accrual Account with Interest Amount Repaid','T','LR',2,'S001L1N11130','D',300,'1','2021-05-24 16:54:15.799000','Y','SYSTEM',NULL,'Y','N',564),(105001,NULL,'KES',NULL,'2021-05-24','Crediting Customer Loan Account with Principal Demand Repayment Amount','T','LR',3,'S001L1N11131','C',100,'1','2021-05-24 16:54:15.799000','Y','SYSTEM',NULL,'Y','N',565),(105001,NULL,'KES',NULL,'2021-05-24','Crediting Customer Loan Account with the Interest Demand Repaid Amount','T','LR',4,'S001L1N11131','C',300,'1','2021-05-24 16:54:15.799000','Y','SYSTEM',NULL,'Y','N',566),(105001,NULL,'KES',NULL,'2021-05-24','Crediting Interest Income Account with Interest Amount Repaid','T','LR',5,'S001L1N11129','C',300,'1','2021-05-24 16:54:15.799000','Y','SYSTEM',NULL,'Y','N',567),(105001,NULL,'KES',NULL,'2021-05-24','Debiting the Repayment Account with the Principal Demand Amount','T','LR',6,'S001L1N11128','D',100,'1','2021-05-24 16:54:15.799000','Y','SYSTEM',NULL,'Y','N',568),(105003,NULL,'KES',NULL,'2021-05-24','Crediting Loan Disbursement Table','C','NC',1,'S001L1N11127','C',3000,'SYSTEM','2021-05-24 16:59:52.228000','Y','SYSTEM','2021-05-24 16:59:52.228000','Y','N',569),(105003,NULL,'KES',NULL,'2021-05-24','Crediting the Interest Income Account with Processing Fee','C','NC',2,'S001L1N11129','C',100,'SYSTEM','2021-05-24 16:59:52.228000','Y','SYSTEM','2021-05-24 16:59:52.228000','Y','N',570),(105003,NULL,'KES',NULL,'2021-05-24','Debiting Customer Loan Account with Loan Processing fee','C','NC',3,'S001L1N15101','D',100,'SYSTEM','2021-05-24 16:59:52.228000','Y','SYSTEM','2021-05-24 16:59:52.228000','Y','N',571),(105003,NULL,'KES',NULL,'2021-05-24','Debiting Customer Loa Account with Principal Demand Amount','C','NC',4,'S001L1N15101','D',3000,'SYSTEM','2021-05-24 16:59:52.228000','Y','SYSTEM','2021-05-24 16:59:52.228000','Y','N',572),(105003,NULL,'KES',NULL,'2021-05-24','Crediting Interest Accrual Account','C','NC',5,'S001L1N11130','C',9000,'SYSTEM','2021-05-24 16:59:52.228000','Y','SYSTEM','2021-05-24 16:59:52.228000','Y','N',573),(105003,NULL,'KES',NULL,'2021-05-24','Debiting Customer Loan Account with the Loan Intake Fee','C','NC',6,'S001L1N15101','D',150,'SYSTEM','2021-05-24 16:59:52.228000','Y','SYSTEM','2021-05-24 16:59:52.228000','Y','N',574),(105003,NULL,'KES',NULL,'2021-05-24','Crediting Interest Income Account with Loan Intake fee','C','NC',7,'S001L1N11129','C',150,'SYSTEM','2021-05-24 16:59:52.228000','Y','SYSTEM','2021-05-24 16:59:52.228000','Y','N',575),(105003,NULL,'KES',NULL,'2021-05-24','Debiting Customer Loan Account with Interest Demand Amount','C','NC',8,'S001L1N15101','D',9000,'SYSTEM','2021-05-24 16:59:52.228000','Y','SYSTEM','2021-05-24 16:59:52.228000','Y','N',576),(105001,NULL,'KES',NULL,'2021-05-24','Debiting the Repayment Account with the Interest Demand repaid Amount','T','LR',1,'S001L1N11128','D',300,'1','2021-05-24 16:54:15.799000','Y','SYSTEM',NULL,'Y','N',577),(105001,NULL,'KES',NULL,'2021-05-24','Debiting Interest Accrual Account with Interest Amount Repaid','T','LR',2,'S001L1N11130','D',300,'1','2021-05-24 16:54:15.799000','Y','SYSTEM',NULL,'Y','N',578),(105001,NULL,'KES',NULL,'2021-05-24','Crediting Customer Loan Account with Principal Demand Repayment Amount','T','LR',3,'S001L1N11131','C',100,'1','2021-05-24 16:54:15.799000','Y','SYSTEM',NULL,'Y','N',579),(105001,NULL,'KES',NULL,'2021-05-24','Crediting Customer Loan Account with the Interest Demand Repaid Amount','T','LR',4,'S001L1N11131','C',300,'1','2021-05-24 16:54:15.799000','Y','SYSTEM',NULL,'Y','N',580),(105001,NULL,'KES',NULL,'2021-05-24','Crediting Interest Income Account with Interest Amount Repaid','T','LR',5,'S001L1N11129','C',300,'1','2021-05-24 16:54:15.799000','Y','SYSTEM',NULL,'Y','N',581),(105001,NULL,'KES',NULL,'2021-05-24','Debiting the Repayment Account with the Principal Demand Amount','T','LR',6,'S001L1N11128','D',100,'1','2021-05-24 16:54:15.799000','Y','SYSTEM',NULL,'Y','N',582),(105003,NULL,'KES',NULL,'2021-05-24','Crediting Loan Disbursement Table','C','NC',1,'S001L1N11127','C',3000,'SYSTEM','2021-05-24 16:59:52.228000','Y','SYSTEM','2021-05-24 16:59:52.228000','Y','N',583),(105003,NULL,'KES',NULL,'2021-05-24','Crediting the Interest Income Account with Processing Fee','C','NC',2,'S001L1N11129','C',100,'SYSTEM','2021-05-24 16:59:52.228000','Y','SYSTEM','2021-05-24 16:59:52.228000','Y','N',584),(105003,NULL,'KES',NULL,'2021-05-24','Debiting Customer Loan Account with Loan Processing fee','C','NC',3,'S001L1N15101','D',100,'SYSTEM','2021-05-24 16:59:52.228000','Y','SYSTEM','2021-05-24 16:59:52.228000','Y','N',585),(105003,NULL,'KES',NULL,'2021-05-24','Debiting Customer Loa Account with Principal Demand Amount','C','NC',4,'S001L1N15101','D',3000,'SYSTEM','2021-05-24 16:59:52.228000','Y','SYSTEM','2021-05-24 16:59:52.228000','Y','N',586),(105003,NULL,'KES',NULL,'2021-05-24','Crediting Interest Accrual Account','C','NC',5,'S001L1N11130','C',9000,'SYSTEM','2021-05-24 16:59:52.228000','Y','SYSTEM','2021-05-24 16:59:52.228000','Y','N',587),(105003,NULL,'KES',NULL,'2021-05-24','Debiting Customer Loan Account with the Loan Intake Fee','C','NC',6,'S001L1N15101','D',150,'SYSTEM','2021-05-24 16:59:52.228000','Y','SYSTEM','2021-05-24 16:59:52.228000','Y','N',588),(105003,NULL,'KES',NULL,'2021-05-24','Crediting Interest Income Account with Loan Intake fee','C','NC',7,'S001L1N11129','C',150,'SYSTEM','2021-05-24 16:59:52.228000','Y','SYSTEM','2021-05-24 16:59:52.228000','Y','N',589),(105003,NULL,'KES',NULL,'2021-05-24','Debiting Customer Loan Account with Interest Demand Amount','C','NC',8,'S001L1N15101','D',9000,'SYSTEM','2021-05-24 16:59:52.228000','Y','SYSTEM','2021-05-24 16:59:52.228000','Y','N',590),(105004,NULL,'KES',NULL,'2021-05-24','Crediting Loan Disbursement Table','C','NC',1,'S001L1N11127','C',3000,'SYSTEM','2021-05-24 17:18:21.890000','Y','SYSTEM','2021-05-24 17:18:21.890000','Y','N',591),(105004,NULL,'KES',NULL,'2021-05-24','Crediting the Interest Income Account with Processing Fee','C','NC',2,'S001L1N11129','C',100,'SYSTEM','2021-05-24 17:18:21.890000','Y','SYSTEM','2021-05-24 17:18:21.890000','Y','N',592),(105004,NULL,'KES',NULL,'2021-05-24','Debiting Customer Loan Account with the Loan Intake Fee','C','NC',3,'S001L1N15102','D',150,'SYSTEM','2021-05-24 17:18:21.890000','Y','SYSTEM','2021-05-24 17:18:21.890000','Y','N',593),(105004,NULL,'KES',NULL,'2021-05-24','Crediting Interest Income Account with Loan Intake fee','C','NC',4,'S001L1N11129','C',150,'SYSTEM','2021-05-24 17:18:21.890000','Y','SYSTEM','2021-05-24 17:18:21.890000','Y','N',594),(105004,NULL,'KES',NULL,'2021-05-24','Debiting Customer Loa Account with Principal Demand Amount','C','NC',5,'S001L1N15102','D',3000,'SYSTEM','2021-05-24 17:18:21.890000','Y','SYSTEM','2021-05-24 17:18:21.890000','Y','N',595),(105004,NULL,'KES',NULL,'2021-05-24','Crediting Interest Accrual Account','C','NC',6,'S001L1N11130','C',9000,'SYSTEM','2021-05-24 17:18:21.890000','Y','SYSTEM','2021-05-24 17:18:21.890000','Y','N',596),(105004,NULL,'KES',NULL,'2021-05-24','Debiting Customer Loan Account with Interest Demand Amount','C','NC',7,'S001L1N15102','D',9000,'SYSTEM','2021-05-24 17:18:21.890000','Y','SYSTEM','2021-05-24 17:18:21.890000','Y','N',597),(105004,NULL,'KES',NULL,'2021-05-24','Debiting Customer Loan Account with Loan Processing fee','C','NC',8,'S001L1N15102','D',100,'SYSTEM','2021-05-24 17:18:21.890000','Y','SYSTEM','2021-05-24 17:18:21.890000','Y','N',598),(105001,NULL,'KES',NULL,'2021-05-24','Debiting the Repayment Account with the Interest Demand repaid Amount','T','LR',1,'S001L1N11128','D',300,'1','2021-05-24 16:54:15.799000','Y','SYSTEM',NULL,'Y','N',599),(105001,NULL,'KES',NULL,'2021-05-24','Debiting Interest Accrual Account with Interest Amount Repaid','T','LR',2,'S001L1N11130','D',300,'1','2021-05-24 16:54:15.799000','Y','SYSTEM',NULL,'Y','N',600),(105001,NULL,'KES',NULL,'2021-05-24','Crediting Customer Loan Account with Principal Demand Repayment Amount','T','LR',3,'S001L1N11131','C',100,'1','2021-05-24 16:54:15.799000','Y','SYSTEM',NULL,'Y','N',601),(105001,NULL,'KES',NULL,'2021-05-24','Crediting Customer Loan Account with the Interest Demand Repaid Amount','T','LR',4,'S001L1N11131','C',300,'1','2021-05-24 16:54:15.799000','Y','SYSTEM',NULL,'Y','N',602),(105001,NULL,'KES',NULL,'2021-05-24','Crediting Interest Income Account with Interest Amount Repaid','T','LR',5,'S001L1N11129','C',300,'1','2021-05-24 16:54:15.799000','Y','SYSTEM',NULL,'Y','N',603),(105001,NULL,'KES',NULL,'2021-05-24','Debiting the Repayment Account with the Principal Demand Amount','T','LR',6,'S001L1N11128','D',100,'1','2021-05-24 16:54:15.799000','Y','SYSTEM',NULL,'Y','N',604),(105003,NULL,'KES',NULL,'2021-05-24','Crediting Loan Disbursement Table','C','NC',1,'S001L1N11127','C',3000,'SYSTEM','2021-05-24 16:59:52.228000','Y','SYSTEM','2021-05-24 16:59:52.228000','Y','N',605),(105003,NULL,'KES',NULL,'2021-05-24','Crediting the Interest Income Account with Processing Fee','C','NC',2,'S001L1N11129','C',100,'SYSTEM','2021-05-24 16:59:52.228000','Y','SYSTEM','2021-05-24 16:59:52.228000','Y','N',606),(105003,NULL,'KES',NULL,'2021-05-24','Debiting Customer Loan Account with Loan Processing fee','C','NC',3,'S001L1N15101','D',100,'SYSTEM','2021-05-24 16:59:52.228000','Y','SYSTEM','2021-05-24 16:59:52.228000','Y','N',607),(105003,NULL,'KES',NULL,'2021-05-24','Debiting Customer Loa Account with Principal Demand Amount','C','NC',4,'S001L1N15101','D',3000,'SYSTEM','2021-05-24 16:59:52.228000','Y','SYSTEM','2021-05-24 16:59:52.228000','Y','N',608),(105003,NULL,'KES',NULL,'2021-05-24','Crediting Interest Accrual Account','C','NC',5,'S001L1N11130','C',9000,'SYSTEM','2021-05-24 16:59:52.228000','Y','SYSTEM','2021-05-24 16:59:52.228000','Y','N',609),(105003,NULL,'KES',NULL,'2021-05-24','Debiting Customer Loan Account with the Loan Intake Fee','C','NC',6,'S001L1N15101','D',150,'SYSTEM','2021-05-24 16:59:52.228000','Y','SYSTEM','2021-05-24 16:59:52.228000','Y','N',610),(105003,NULL,'KES',NULL,'2021-05-24','Crediting Interest Income Account with Loan Intake fee','C','NC',7,'S001L1N11129','C',150,'SYSTEM','2021-05-24 16:59:52.228000','Y','SYSTEM','2021-05-24 16:59:52.228000','Y','N',611),(105003,NULL,'KES',NULL,'2021-05-24','Debiting Customer Loan Account with Interest Demand Amount','C','NC',8,'S001L1N15101','D',9000,'SYSTEM','2021-05-24 16:59:52.228000','Y','SYSTEM','2021-05-24 16:59:52.228000','Y','N',612),(105004,NULL,'KES',NULL,'2021-05-24','Crediting Loan Disbursement Table','C','NC',1,'S001L1N11127','C',3000,'SYSTEM','2021-05-24 17:18:21.890000','Y','SYSTEM','2021-05-24 17:18:21.890000','Y','N',613),(105004,NULL,'KES',NULL,'2021-05-24','Crediting the Interest Income Account with Processing Fee','C','NC',2,'S001L1N11129','C',100,'SYSTEM','2021-05-24 17:18:21.890000','Y','SYSTEM','2021-05-24 17:18:21.890000','Y','N',614),(105004,NULL,'KES',NULL,'2021-05-24','Debiting Customer Loan Account with the Loan Intake Fee','C','NC',3,'S001L1N15102','D',150,'SYSTEM','2021-05-24 17:18:21.890000','Y','SYSTEM','2021-05-24 17:18:21.890000','Y','N',615),(105004,NULL,'KES',NULL,'2021-05-24','Crediting Interest Income Account with Loan Intake fee','C','NC',4,'S001L1N11129','C',150,'SYSTEM','2021-05-24 17:18:21.890000','Y','SYSTEM','2021-05-24 17:18:21.890000','Y','N',616),(105004,NULL,'KES',NULL,'2021-05-24','Debiting Customer Loa Account with Principal Demand Amount','C','NC',5,'S001L1N15102','D',3000,'SYSTEM','2021-05-24 17:18:21.890000','Y','SYSTEM','2021-05-24 17:18:21.890000','Y','N',617),(105004,NULL,'KES',NULL,'2021-05-24','Crediting Interest Accrual Account','C','NC',6,'S001L1N11130','C',9000,'SYSTEM','2021-05-24 17:18:21.890000','Y','SYSTEM','2021-05-24 17:18:21.890000','Y','N',618),(105004,NULL,'KES',NULL,'2021-05-24','Debiting Customer Loan Account with Interest Demand Amount','C','NC',7,'S001L1N15102','D',9000,'SYSTEM','2021-05-24 17:18:21.890000','Y','SYSTEM','2021-05-24 17:18:21.890000','Y','N',619),(105004,NULL,'KES',NULL,'2021-05-24','Debiting Customer Loan Account with Loan Processing fee','C','NC',8,'S001L1N15102','D',100,'SYSTEM','2021-05-24 17:18:21.890000','Y','SYSTEM','2021-05-24 17:18:21.890000','Y','N',620),(105001,NULL,'KES',NULL,'2021-05-24','Debiting the Repayment Account with the Interest Demand repaid Amount','T','LR',1,'S001L1N11128','D',300,'1','2021-05-24 16:54:15.799000','Y','SYSTEM',NULL,'Y','N',621),(105001,NULL,'KES',NULL,'2021-05-24','Debiting Interest Accrual Account with Interest Amount Repaid','T','LR',2,'S001L1N11130','D',300,'1','2021-05-24 16:54:15.799000','Y','SYSTEM',NULL,'Y','N',622),(105001,NULL,'KES',NULL,'2021-05-24','Crediting Customer Loan Account with Principal Demand Repayment Amount','T','LR',3,'S001L1N11131','C',100,'1','2021-05-24 16:54:15.799000','Y','SYSTEM',NULL,'Y','N',623),(105001,NULL,'KES',NULL,'2021-05-24','Crediting Customer Loan Account with the Interest Demand Repaid Amount','T','LR',4,'S001L1N11131','C',300,'1','2021-05-24 16:54:15.799000','Y','SYSTEM',NULL,'Y','N',624),(105001,NULL,'KES',NULL,'2021-05-24','Crediting Interest Income Account with Interest Amount Repaid','T','LR',5,'S001L1N11129','C',300,'1','2021-05-24 16:54:15.799000','Y','SYSTEM',NULL,'Y','N',625),(105001,NULL,'KES',NULL,'2021-05-24','Debiting the Repayment Account with the Principal Demand Amount','T','LR',6,'S001L1N11128','D',100,'1','2021-05-24 16:54:15.799000','Y','SYSTEM',NULL,'Y','N',626),(105003,NULL,'KES',NULL,'2021-05-24','Crediting Loan Disbursement Table','C','NC',1,'S001L1N11127','C',3000,'SYSTEM','2021-05-24 16:59:52.228000','Y','SYSTEM','2021-05-24 16:59:52.228000','Y','N',627),(105003,NULL,'KES',NULL,'2021-05-24','Crediting the Interest Income Account with Processing Fee','C','NC',2,'S001L1N11129','C',100,'SYSTEM','2021-05-24 16:59:52.228000','Y','SYSTEM','2021-05-24 16:59:52.228000','Y','N',628),(105003,NULL,'KES',NULL,'2021-05-24','Debiting Customer Loan Account with Loan Processing fee','C','NC',3,'S001L1N15101','D',100,'SYSTEM','2021-05-24 16:59:52.228000','Y','SYSTEM','2021-05-24 16:59:52.228000','Y','N',629),(105003,NULL,'KES',NULL,'2021-05-24','Debiting Customer Loa Account with Principal Demand Amount','C','NC',4,'S001L1N15101','D',3000,'SYSTEM','2021-05-24 16:59:52.228000','Y','SYSTEM','2021-05-24 16:59:52.228000','Y','N',630),(105003,NULL,'KES',NULL,'2021-05-24','Crediting Interest Accrual Account','C','NC',5,'S001L1N11130','C',9000,'SYSTEM','2021-05-24 16:59:52.228000','Y','SYSTEM','2021-05-24 16:59:52.228000','Y','N',631),(105003,NULL,'KES',NULL,'2021-05-24','Debiting Customer Loan Account with the Loan Intake Fee','C','NC',6,'S001L1N15101','D',150,'SYSTEM','2021-05-24 16:59:52.228000','Y','SYSTEM','2021-05-24 16:59:52.228000','Y','N',632),(105003,NULL,'KES',NULL,'2021-05-24','Crediting Interest Income Account with Loan Intake fee','C','NC',7,'S001L1N11129','C',150,'SYSTEM','2021-05-24 16:59:52.228000','Y','SYSTEM','2021-05-24 16:59:52.228000','Y','N',633),(105003,NULL,'KES',NULL,'2021-05-24','Debiting Customer Loan Account with Interest Demand Amount','C','NC',8,'S001L1N15101','D',9000,'SYSTEM','2021-05-24 16:59:52.228000','Y','SYSTEM','2021-05-24 16:59:52.228000','Y','N',634),(105004,NULL,'KES',NULL,'2021-05-24','Crediting Loan Disbursement Table','C','NC',1,'S001L1N11127','C',3000,'SYSTEM','2021-05-24 17:18:21.890000','Y','SYSTEM','2021-05-24 17:18:21.890000','Y','N',635),(105004,NULL,'KES',NULL,'2021-05-24','Crediting the Interest Income Account with Processing Fee','C','NC',2,'S001L1N11129','C',100,'SYSTEM','2021-05-24 17:18:21.890000','Y','SYSTEM','2021-05-24 17:18:21.890000','Y','N',636),(105004,NULL,'KES',NULL,'2021-05-24','Debiting Customer Loan Account with the Loan Intake Fee','C','NC',3,'S001L1N15102','D',150,'SYSTEM','2021-05-24 17:18:21.890000','Y','SYSTEM','2021-05-24 17:18:21.890000','Y','N',637),(105004,NULL,'KES',NULL,'2021-05-24','Crediting Interest Income Account with Loan Intake fee','C','NC',4,'S001L1N11129','C',150,'SYSTEM','2021-05-24 17:18:21.890000','Y','SYSTEM','2021-05-24 17:18:21.890000','Y','N',638),(105004,NULL,'KES',NULL,'2021-05-24','Debiting Customer Loa Account with Principal Demand Amount','C','NC',5,'S001L1N15102','D',3000,'SYSTEM','2021-05-24 17:18:21.890000','Y','SYSTEM','2021-05-24 17:18:21.890000','Y','N',639),(105004,NULL,'KES',NULL,'2021-05-24','Crediting Interest Accrual Account','C','NC',6,'S001L1N11130','C',9000,'SYSTEM','2021-05-24 17:18:21.890000','Y','SYSTEM','2021-05-24 17:18:21.890000','Y','N',640),(105004,NULL,'KES',NULL,'2021-05-24','Debiting Customer Loan Account with Interest Demand Amount','C','NC',7,'S001L1N15102','D',9000,'SYSTEM','2021-05-24 17:18:21.890000','Y','SYSTEM','2021-05-24 17:18:21.890000','Y','N',641),(105004,NULL,'KES',NULL,'2021-05-24','Debiting Customer Loan Account with Loan Processing fee','C','NC',8,'S001L1N15102','D',100,'SYSTEM','2021-05-24 17:18:21.890000','Y','SYSTEM','2021-05-24 17:18:21.890000','Y','N',642),(105001,NULL,'KES',NULL,'2021-05-24','Debiting the Repayment Account with the Interest Demand repaid Amount','T','LR',1,'S001L1N11128','D',300,'1','2021-05-24 16:54:15.799000','Y','SYSTEM',NULL,'Y','N',643),(105001,NULL,'KES',NULL,'2021-05-24','Debiting Interest Accrual Account with Interest Amount Repaid','T','LR',2,'S001L1N11130','D',300,'1','2021-05-24 16:54:15.799000','Y','SYSTEM',NULL,'Y','N',644),(105001,NULL,'KES',NULL,'2021-05-24','Crediting Customer Loan Account with Principal Demand Repayment Amount','T','LR',3,'S001L1N11131','C',100,'1','2021-05-24 16:54:15.799000','Y','SYSTEM',NULL,'Y','N',645),(105001,NULL,'KES',NULL,'2021-05-24','Crediting Customer Loan Account with the Interest Demand Repaid Amount','T','LR',4,'S001L1N11131','C',300,'1','2021-05-24 16:54:15.799000','Y','SYSTEM',NULL,'Y','N',646),(105001,NULL,'KES',NULL,'2021-05-24','Crediting Interest Income Account with Interest Amount Repaid','T','LR',5,'S001L1N11129','C',300,'1','2021-05-24 16:54:15.799000','Y','SYSTEM',NULL,'Y','N',647),(105001,NULL,'KES',NULL,'2021-05-24','Debiting the Repayment Account with the Principal Demand Amount','T','LR',6,'S001L1N11128','D',100,'1','2021-05-24 16:54:15.799000','Y','SYSTEM',NULL,'Y','N',648),(105003,NULL,'KES',NULL,'2021-05-24','Crediting Loan Disbursement Table','C','NC',1,'S001L1N11127','C',3000,'SYSTEM','2021-05-24 16:59:52.228000','Y','SYSTEM','2021-05-24 16:59:52.228000','Y','N',649),(105003,NULL,'KES',NULL,'2021-05-24','Crediting the Interest Income Account with Processing Fee','C','NC',2,'S001L1N11129','C',100,'SYSTEM','2021-05-24 16:59:52.228000','Y','SYSTEM','2021-05-24 16:59:52.228000','Y','N',650),(105003,NULL,'KES',NULL,'2021-05-24','Debiting Customer Loan Account with Loan Processing fee','C','NC',3,'S001L1N15101','D',100,'SYSTEM','2021-05-24 16:59:52.228000','Y','SYSTEM','2021-05-24 16:59:52.228000','Y','N',651),(105003,NULL,'KES',NULL,'2021-05-24','Debiting Customer Loa Account with Principal Demand Amount','C','NC',4,'S001L1N15101','D',3000,'SYSTEM','2021-05-24 16:59:52.228000','Y','SYSTEM','2021-05-24 16:59:52.228000','Y','N',652),(105003,NULL,'KES',NULL,'2021-05-24','Crediting Interest Accrual Account','C','NC',5,'S001L1N11130','C',9000,'SYSTEM','2021-05-24 16:59:52.228000','Y','SYSTEM','2021-05-24 16:59:52.228000','Y','N',653),(105003,NULL,'KES',NULL,'2021-05-24','Debiting Customer Loan Account with the Loan Intake Fee','C','NC',6,'S001L1N15101','D',150,'SYSTEM','2021-05-24 16:59:52.228000','Y','SYSTEM','2021-05-24 16:59:52.228000','Y','N',654),(105003,NULL,'KES',NULL,'2021-05-24','Crediting Interest Income Account with Loan Intake fee','C','NC',7,'S001L1N11129','C',150,'SYSTEM','2021-05-24 16:59:52.228000','Y','SYSTEM','2021-05-24 16:59:52.228000','Y','N',655),(105003,NULL,'KES',NULL,'2021-05-24','Debiting Customer Loan Account with Interest Demand Amount','C','NC',8,'S001L1N15101','D',9000,'SYSTEM','2021-05-24 16:59:52.228000','Y','SYSTEM','2021-05-24 16:59:52.228000','Y','N',656),(105004,NULL,'KES',NULL,'2021-05-24','Crediting Loan Disbursement Table','C','NC',1,'S001L1N11127','C',3000,'SYSTEM','2021-05-24 17:18:21.890000','Y','SYSTEM','2021-05-24 17:18:21.890000','Y','N',657),(105004,NULL,'KES',NULL,'2021-05-24','Crediting the Interest Income Account with Processing Fee','C','NC',2,'S001L1N11129','C',100,'SYSTEM','2021-05-24 17:18:21.890000','Y','SYSTEM','2021-05-24 17:18:21.890000','Y','N',658),(105004,NULL,'KES',NULL,'2021-05-24','Debiting Customer Loan Account with the Loan Intake Fee','C','NC',3,'S001L1N15102','D',150,'SYSTEM','2021-05-24 17:18:21.890000','Y','SYSTEM','2021-05-24 17:18:21.890000','Y','N',659),(105004,NULL,'KES',NULL,'2021-05-24','Crediting Interest Income Account with Loan Intake fee','C','NC',4,'S001L1N11129','C',150,'SYSTEM','2021-05-24 17:18:21.890000','Y','SYSTEM','2021-05-24 17:18:21.890000','Y','N',660),(105004,NULL,'KES',NULL,'2021-05-24','Debiting Customer Loa Account with Principal Demand Amount','C','NC',5,'S001L1N15102','D',3000,'SYSTEM','2021-05-24 17:18:21.890000','Y','SYSTEM','2021-05-24 17:18:21.890000','Y','N',661),(105004,NULL,'KES',NULL,'2021-05-24','Crediting Interest Accrual Account','C','NC',6,'S001L1N11130','C',9000,'SYSTEM','2021-05-24 17:18:21.890000','Y','SYSTEM','2021-05-24 17:18:21.890000','Y','N',662),(105004,NULL,'KES',NULL,'2021-05-24','Debiting Customer Loan Account with Interest Demand Amount','C','NC',7,'S001L1N15102','D',9000,'SYSTEM','2021-05-24 17:18:21.890000','Y','SYSTEM','2021-05-24 17:18:21.890000','Y','N',663),(105004,NULL,'KES',NULL,'2021-05-24','Debiting Customer Loan Account with Loan Processing fee','C','NC',8,'S001L1N15102','D',100,'SYSTEM','2021-05-24 17:18:21.890000','Y','SYSTEM','2021-05-24 17:18:21.890000','Y','N',664),(105001,NULL,'KES',NULL,'2021-05-24','Debiting the Repayment Account with the Interest Demand repaid Amount','T','LR',1,'S001L1N11128','D',300,'1','2021-05-24 16:54:15.799000','Y','SYSTEM',NULL,'Y','N',665),(105001,NULL,'KES',NULL,'2021-05-24','Debiting Interest Accrual Account with Interest Amount Repaid','T','LR',2,'S001L1N11130','D',300,'1','2021-05-24 16:54:15.799000','Y','SYSTEM',NULL,'Y','N',666),(105001,NULL,'KES',NULL,'2021-05-24','Crediting Customer Loan Account with Principal Demand Repayment Amount','T','LR',3,'S001L1N11131','C',100,'1','2021-05-24 16:54:15.799000','Y','SYSTEM',NULL,'Y','N',667),(105001,NULL,'KES',NULL,'2021-05-24','Crediting Customer Loan Account with the Interest Demand Repaid Amount','T','LR',4,'S001L1N11131','C',300,'1','2021-05-24 16:54:15.799000','Y','SYSTEM',NULL,'Y','N',668),(105001,NULL,'KES',NULL,'2021-05-24','Crediting Interest Income Account with Interest Amount Repaid','T','LR',5,'S001L1N11129','C',300,'1','2021-05-24 16:54:15.799000','Y','SYSTEM',NULL,'Y','N',669),(105001,NULL,'KES',NULL,'2021-05-24','Debiting the Repayment Account with the Principal Demand Amount','T','LR',6,'S001L1N11128','D',100,'1','2021-05-24 16:54:15.799000','Y','SYSTEM',NULL,'Y','N',670),(105003,NULL,'KES',NULL,'2021-05-24','Crediting Loan Disbursement Table','C','NC',1,'S001L1N11127','C',3000,'SYSTEM','2021-05-24 16:59:52.228000','Y','SYSTEM','2021-05-24 16:59:52.228000','Y','N',671),(105003,NULL,'KES',NULL,'2021-05-24','Crediting the Interest Income Account with Processing Fee','C','NC',2,'S001L1N11129','C',100,'SYSTEM','2021-05-24 16:59:52.228000','Y','SYSTEM','2021-05-24 16:59:52.228000','Y','N',672),(105003,NULL,'KES',NULL,'2021-05-24','Debiting Customer Loan Account with Loan Processing fee','C','NC',3,'S001L1N15101','D',100,'SYSTEM','2021-05-24 16:59:52.228000','Y','SYSTEM','2021-05-24 16:59:52.228000','Y','N',673),(105003,NULL,'KES',NULL,'2021-05-24','Debiting Customer Loa Account with Principal Demand Amount','C','NC',4,'S001L1N15101','D',3000,'SYSTEM','2021-05-24 16:59:52.228000','Y','SYSTEM','2021-05-24 16:59:52.228000','Y','N',674),(105003,NULL,'KES',NULL,'2021-05-24','Crediting Interest Accrual Account','C','NC',5,'S001L1N11130','C',9000,'SYSTEM','2021-05-24 16:59:52.228000','Y','SYSTEM','2021-05-24 16:59:52.228000','Y','N',675),(105003,NULL,'KES',NULL,'2021-05-24','Debiting Customer Loan Account with the Loan Intake Fee','C','NC',6,'S001L1N15101','D',150,'SYSTEM','2021-05-24 16:59:52.228000','Y','SYSTEM','2021-05-24 16:59:52.228000','Y','N',676),(105003,NULL,'KES',NULL,'2021-05-24','Crediting Interest Income Account with Loan Intake fee','C','NC',7,'S001L1N11129','C',150,'SYSTEM','2021-05-24 16:59:52.228000','Y','SYSTEM','2021-05-24 16:59:52.228000','Y','N',677),(105003,NULL,'KES',NULL,'2021-05-24','Debiting Customer Loan Account with Interest Demand Amount','C','NC',8,'S001L1N15101','D',9000,'SYSTEM','2021-05-24 16:59:52.228000','Y','SYSTEM','2021-05-24 16:59:52.228000','Y','N',678),(105004,NULL,'KES',NULL,'2021-05-24','Crediting Loan Disbursement Table','C','NC',1,'S001L1N11127','C',3000,'SYSTEM','2021-05-24 17:18:21.890000','Y','SYSTEM','2021-05-24 17:18:21.890000','Y','N',679),(105004,NULL,'KES',NULL,'2021-05-24','Crediting the Interest Income Account with Processing Fee','C','NC',2,'S001L1N11129','C',100,'SYSTEM','2021-05-24 17:18:21.890000','Y','SYSTEM','2021-05-24 17:18:21.890000','Y','N',680),(105004,NULL,'KES',NULL,'2021-05-24','Debiting Customer Loan Account with the Loan Intake Fee','C','NC',3,'S001L1N15102','D',150,'SYSTEM','2021-05-24 17:18:21.890000','Y','SYSTEM','2021-05-24 17:18:21.890000','Y','N',681),(105004,NULL,'KES',NULL,'2021-05-24','Crediting Interest Income Account with Loan Intake fee','C','NC',4,'S001L1N11129','C',150,'SYSTEM','2021-05-24 17:18:21.890000','Y','SYSTEM','2021-05-24 17:18:21.890000','Y','N',682),(105004,NULL,'KES',NULL,'2021-05-24','Debiting Customer Loa Account with Principal Demand Amount','C','NC',5,'S001L1N15102','D',3000,'SYSTEM','2021-05-24 17:18:21.890000','Y','SYSTEM','2021-05-24 17:18:21.890000','Y','N',683),(105004,NULL,'KES',NULL,'2021-05-24','Crediting Interest Accrual Account','C','NC',6,'S001L1N11130','C',9000,'SYSTEM','2021-05-24 17:18:21.890000','Y','SYSTEM','2021-05-24 17:18:21.890000','Y','N',684),(105004,NULL,'KES',NULL,'2021-05-24','Debiting Customer Loan Account with Interest Demand Amount','C','NC',7,'S001L1N15102','D',9000,'SYSTEM','2021-05-24 17:18:21.890000','Y','SYSTEM','2021-05-24 17:18:21.890000','Y','N',685),(105004,NULL,'KES',NULL,'2021-05-24','Debiting Customer Loan Account with Loan Processing fee','C','NC',8,'S001L1N15102','D',100,'SYSTEM','2021-05-24 17:18:21.890000','Y','SYSTEM','2021-05-24 17:18:21.890000','Y','N',686),(105001,NULL,'KES',NULL,'2021-05-24','Debiting the Repayment Account with the Interest Demand repaid Amount','T','LR',1,'S001L1N11128','D',300,'1','2021-05-24 16:54:15.799000','Y','SYSTEM',NULL,'Y','N',687),(105001,NULL,'KES',NULL,'2021-05-24','Debiting Interest Accrual Account with Interest Amount Repaid','T','LR',2,'S001L1N11130','D',300,'1','2021-05-24 16:54:15.799000','Y','SYSTEM',NULL,'Y','N',688),(105001,NULL,'KES',NULL,'2021-05-24','Crediting Customer Loan Account with Principal Demand Repayment Amount','T','LR',3,'S001L1N11131','C',100,'1','2021-05-24 16:54:15.799000','Y','SYSTEM',NULL,'Y','N',689),(105001,NULL,'KES',NULL,'2021-05-24','Crediting Customer Loan Account with the Interest Demand Repaid Amount','T','LR',4,'S001L1N11131','C',300,'1','2021-05-24 16:54:15.799000','Y','SYSTEM',NULL,'Y','N',690),(105001,NULL,'KES',NULL,'2021-05-24','Crediting Interest Income Account with Interest Amount Repaid','T','LR',5,'S001L1N11129','C',300,'1','2021-05-24 16:54:15.799000','Y','SYSTEM',NULL,'Y','N',691),(105001,NULL,'KES',NULL,'2021-05-24','Debiting the Repayment Account with the Principal Demand Amount','T','LR',6,'S001L1N11128','D',100,'1','2021-05-24 16:54:15.799000','Y','SYSTEM',NULL,'Y','N',692),(105003,NULL,'KES',NULL,'2021-05-24','Crediting Loan Disbursement Table','C','NC',1,'S001L1N11127','C',3000,'SYSTEM','2021-05-24 16:59:52.228000','Y','SYSTEM','2021-05-24 16:59:52.228000','Y','N',693),(105003,NULL,'KES',NULL,'2021-05-24','Crediting the Interest Income Account with Processing Fee','C','NC',2,'S001L1N11129','C',100,'SYSTEM','2021-05-24 16:59:52.228000','Y','SYSTEM','2021-05-24 16:59:52.228000','Y','N',694),(105003,NULL,'KES',NULL,'2021-05-24','Debiting Customer Loan Account with Loan Processing fee','C','NC',3,'S001L1N15101','D',100,'SYSTEM','2021-05-24 16:59:52.228000','Y','SYSTEM','2021-05-24 16:59:52.228000','Y','N',695),(105003,NULL,'KES',NULL,'2021-05-24','Debiting Customer Loa Account with Principal Demand Amount','C','NC',4,'S001L1N15101','D',3000,'SYSTEM','2021-05-24 16:59:52.228000','Y','SYSTEM','2021-05-24 16:59:52.228000','Y','N',696),(105003,NULL,'KES',NULL,'2021-05-24','Crediting Interest Accrual Account','C','NC',5,'S001L1N11130','C',9000,'SYSTEM','2021-05-24 16:59:52.228000','Y','SYSTEM','2021-05-24 16:59:52.228000','Y','N',697),(105003,NULL,'KES',NULL,'2021-05-24','Debiting Customer Loan Account with the Loan Intake Fee','C','NC',6,'S001L1N15101','D',150,'SYSTEM','2021-05-24 16:59:52.228000','Y','SYSTEM','2021-05-24 16:59:52.228000','Y','N',698),(105003,NULL,'KES',NULL,'2021-05-24','Crediting Interest Income Account with Loan Intake fee','C','NC',7,'S001L1N11129','C',150,'SYSTEM','2021-05-24 16:59:52.228000','Y','SYSTEM','2021-05-24 16:59:52.228000','Y','N',699),(105003,NULL,'KES',NULL,'2021-05-24','Debiting Customer Loan Account with Interest Demand Amount','C','NC',8,'S001L1N15101','D',9000,'SYSTEM','2021-05-24 16:59:52.228000','Y','SYSTEM','2021-05-24 16:59:52.228000','Y','N',700),(105004,NULL,'KES',NULL,'2021-05-24','Crediting Loan Disbursement Table','C','NC',1,'S001L1N11127','C',3000,'SYSTEM','2021-05-24 17:18:21.890000','Y','SYSTEM','2021-05-24 17:18:21.890000','Y','N',701),(105004,NULL,'KES',NULL,'2021-05-24','Crediting the Interest Income Account with Processing Fee','C','NC',2,'S001L1N11129','C',100,'SYSTEM','2021-05-24 17:18:21.890000','Y','SYSTEM','2021-05-24 17:18:21.890000','Y','N',702),(105004,NULL,'KES',NULL,'2021-05-24','Debiting Customer Loan Account with the Loan Intake Fee','C','NC',3,'S001L1N15102','D',150,'SYSTEM','2021-05-24 17:18:21.890000','Y','SYSTEM','2021-05-24 17:18:21.890000','Y','N',703),(105004,NULL,'KES',NULL,'2021-05-24','Crediting Interest Income Account with Loan Intake fee','C','NC',4,'S001L1N11129','C',150,'SYSTEM','2021-05-24 17:18:21.890000','Y','SYSTEM','2021-05-24 17:18:21.890000','Y','N',704),(105004,NULL,'KES',NULL,'2021-05-24','Debiting Customer Loa Account with Principal Demand Amount','C','NC',5,'S001L1N15102','D',3000,'SYSTEM','2021-05-24 17:18:21.890000','Y','SYSTEM','2021-05-24 17:18:21.890000','Y','N',705),(105004,NULL,'KES',NULL,'2021-05-24','Crediting Interest Accrual Account','C','NC',6,'S001L1N11130','C',9000,'SYSTEM','2021-05-24 17:18:21.890000','Y','SYSTEM','2021-05-24 17:18:21.890000','Y','N',706),(105004,NULL,'KES',NULL,'2021-05-24','Debiting Customer Loan Account with Interest Demand Amount','C','NC',7,'S001L1N15102','D',9000,'SYSTEM','2021-05-24 17:18:21.890000','Y','SYSTEM','2021-05-24 17:18:21.890000','Y','N',707),(105004,NULL,'KES',NULL,'2021-05-24','Debiting Customer Loan Account with Loan Processing fee','C','NC',8,'S001L1N15102','D',100,'SYSTEM','2021-05-24 17:18:21.890000','Y','SYSTEM','2021-05-24 17:18:21.890000','Y','N',708),(105001,NULL,'KES',NULL,'2021-05-24','Debiting the Repayment Account with the Interest Demand repaid Amount','T','LR',1,'S001L1N11128','D',300,'1','2021-05-24 16:54:15.799000','Y','SYSTEM',NULL,'Y','N',709),(105001,NULL,'KES',NULL,'2021-05-24','Debiting Interest Accrual Account with Interest Amount Repaid','T','LR',2,'S001L1N11130','D',300,'1','2021-05-24 16:54:15.799000','Y','SYSTEM',NULL,'Y','N',710),(105001,NULL,'KES',NULL,'2021-05-24','Crediting Customer Loan Account with Principal Demand Repayment Amount','T','LR',3,'S001L1N11131','C',100,'1','2021-05-24 16:54:15.799000','Y','SYSTEM',NULL,'Y','N',711),(105001,NULL,'KES',NULL,'2021-05-24','Crediting Customer Loan Account with the Interest Demand Repaid Amount','T','LR',4,'S001L1N11131','C',300,'1','2021-05-24 16:54:15.799000','Y','SYSTEM',NULL,'Y','N',712),(105001,NULL,'KES',NULL,'2021-05-24','Crediting Interest Income Account with Interest Amount Repaid','T','LR',5,'S001L1N11129','C',300,'1','2021-05-24 16:54:15.799000','Y','SYSTEM',NULL,'Y','N',713),(105001,NULL,'KES',NULL,'2021-05-24','Debiting the Repayment Account with the Principal Demand Amount','T','LR',6,'S001L1N11128','D',100,'1','2021-05-24 16:54:15.799000','Y','SYSTEM',NULL,'Y','N',714),(105003,NULL,'KES',NULL,'2021-05-24','Crediting Loan Disbursement Table','C','NC',1,'S001L1N11127','C',3000,'SYSTEM','2021-05-24 16:59:52.228000','Y','SYSTEM','2021-05-24 16:59:52.228000','Y','N',715),(105003,NULL,'KES',NULL,'2021-05-24','Crediting the Interest Income Account with Processing Fee','C','NC',2,'S001L1N11129','C',100,'SYSTEM','2021-05-24 16:59:52.228000','Y','SYSTEM','2021-05-24 16:59:52.228000','Y','N',716),(105003,NULL,'KES',NULL,'2021-05-24','Debiting Customer Loan Account with Loan Processing fee','C','NC',3,'S001L1N15101','D',100,'SYSTEM','2021-05-24 16:59:52.228000','Y','SYSTEM','2021-05-24 16:59:52.228000','Y','N',717),(105003,NULL,'KES',NULL,'2021-05-24','Debiting Customer Loa Account with Principal Demand Amount','C','NC',4,'S001L1N15101','D',3000,'SYSTEM','2021-05-24 16:59:52.228000','Y','SYSTEM','2021-05-24 16:59:52.228000','Y','N',718),(105003,NULL,'KES',NULL,'2021-05-24','Crediting Interest Accrual Account','C','NC',5,'S001L1N11130','C',9000,'SYSTEM','2021-05-24 16:59:52.228000','Y','SYSTEM','2021-05-24 16:59:52.228000','Y','N',719),(105003,NULL,'KES',NULL,'2021-05-24','Debiting Customer Loan Account with the Loan Intake Fee','C','NC',6,'S001L1N15101','D',150,'SYSTEM','2021-05-24 16:59:52.228000','Y','SYSTEM','2021-05-24 16:59:52.228000','Y','N',720),(105003,NULL,'KES',NULL,'2021-05-24','Crediting Interest Income Account with Loan Intake fee','C','NC',7,'S001L1N11129','C',150,'SYSTEM','2021-05-24 16:59:52.228000','Y','SYSTEM','2021-05-24 16:59:52.228000','Y','N',721),(105003,NULL,'KES',NULL,'2021-05-24','Debiting Customer Loan Account with Interest Demand Amount','C','NC',8,'S001L1N15101','D',9000,'SYSTEM','2021-05-24 16:59:52.228000','Y','SYSTEM','2021-05-24 16:59:52.228000','Y','N',722),(105004,NULL,'KES',NULL,'2021-05-24','Crediting Loan Disbursement Table','C','NC',1,'S001L1N11127','C',3000,'SYSTEM','2021-05-24 17:18:21.890000','Y','SYSTEM','2021-05-24 17:18:21.890000','Y','N',723),(105004,NULL,'KES',NULL,'2021-05-24','Crediting the Interest Income Account with Processing Fee','C','NC',2,'S001L1N11129','C',100,'SYSTEM','2021-05-24 17:18:21.890000','Y','SYSTEM','2021-05-24 17:18:21.890000','Y','N',724),(105004,NULL,'KES',NULL,'2021-05-24','Debiting Customer Loan Account with the Loan Intake Fee','C','NC',3,'S001L1N15102','D',150,'SYSTEM','2021-05-24 17:18:21.890000','Y','SYSTEM','2021-05-24 17:18:21.890000','Y','N',725),(105004,NULL,'KES',NULL,'2021-05-24','Crediting Interest Income Account with Loan Intake fee','C','NC',4,'S001L1N11129','C',150,'SYSTEM','2021-05-24 17:18:21.890000','Y','SYSTEM','2021-05-24 17:18:21.890000','Y','N',726),(105004,NULL,'KES',NULL,'2021-05-24','Debiting Customer Loa Account with Principal Demand Amount','C','NC',5,'S001L1N15102','D',3000,'SYSTEM','2021-05-24 17:18:21.890000','Y','SYSTEM','2021-05-24 17:18:21.890000','Y','N',727),(105004,NULL,'KES',NULL,'2021-05-24','Crediting Interest Accrual Account','C','NC',6,'S001L1N11130','C',9000,'SYSTEM','2021-05-24 17:18:21.890000','Y','SYSTEM','2021-05-24 17:18:21.890000','Y','N',728),(105004,NULL,'KES',NULL,'2021-05-24','Debiting Customer Loan Account with Interest Demand Amount','C','NC',7,'S001L1N15102','D',9000,'SYSTEM','2021-05-24 17:18:21.890000','Y','SYSTEM','2021-05-24 17:18:21.890000','Y','N',729),(105004,NULL,'KES',NULL,'2021-05-24','Debiting Customer Loan Account with Loan Processing fee','C','NC',8,'S001L1N15102','D',100,'SYSTEM','2021-05-24 17:18:21.890000','Y','SYSTEM','2021-05-24 17:18:21.890000','Y','N',730),(105001,NULL,'KES',NULL,'2021-05-24','Debiting the Repayment Account with the Interest Demand repaid Amount','T','LR',1,'S001L1N11128','D',300,'1','2021-05-24 16:54:15.799000','Y','SYSTEM',NULL,'Y','N',731),(105001,NULL,'KES',NULL,'2021-05-24','Debiting Interest Accrual Account with Interest Amount Repaid','T','LR',2,'S001L1N11130','D',300,'1','2021-05-24 16:54:15.799000','Y','SYSTEM',NULL,'Y','N',732),(105001,NULL,'KES',NULL,'2021-05-24','Crediting Customer Loan Account with Principal Demand Repayment Amount','T','LR',3,'S001L1N11131','C',100,'1','2021-05-24 16:54:15.799000','Y','SYSTEM',NULL,'Y','N',733),(105001,NULL,'KES',NULL,'2021-05-24','Crediting Customer Loan Account with the Interest Demand Repaid Amount','T','LR',4,'S001L1N11131','C',300,'1','2021-05-24 16:54:15.799000','Y','SYSTEM',NULL,'Y','N',734),(105001,NULL,'KES',NULL,'2021-05-24','Crediting Interest Income Account with Interest Amount Repaid','T','LR',5,'S001L1N11129','C',300,'1','2021-05-24 16:54:15.799000','Y','SYSTEM',NULL,'Y','N',735),(105001,NULL,'KES',NULL,'2021-05-24','Debiting the Repayment Account with the Principal Demand Amount','T','LR',6,'S001L1N11128','D',100,'1','2021-05-24 16:54:15.799000','Y','SYSTEM',NULL,'Y','N',736),(105003,NULL,'KES',NULL,'2021-05-24','Crediting Loan Disbursement Table','C','NC',1,'S001L1N11127','C',3000,'SYSTEM','2021-05-24 16:59:52.228000','Y','SYSTEM','2021-05-24 16:59:52.228000','Y','N',737),(105003,NULL,'KES',NULL,'2021-05-24','Crediting the Interest Income Account with Processing Fee','C','NC',2,'S001L1N11129','C',100,'SYSTEM','2021-05-24 16:59:52.228000','Y','SYSTEM','2021-05-24 16:59:52.228000','Y','N',738),(105003,NULL,'KES',NULL,'2021-05-24','Debiting Customer Loan Account with Loan Processing fee','C','NC',3,'S001L1N15101','D',100,'SYSTEM','2021-05-24 16:59:52.228000','Y','SYSTEM','2021-05-24 16:59:52.228000','Y','N',739),(105003,NULL,'KES',NULL,'2021-05-24','Debiting Customer Loa Account with Principal Demand Amount','C','NC',4,'S001L1N15101','D',3000,'SYSTEM','2021-05-24 16:59:52.228000','Y','SYSTEM','2021-05-24 16:59:52.228000','Y','N',740),(105003,NULL,'KES',NULL,'2021-05-24','Crediting Interest Accrual Account','C','NC',5,'S001L1N11130','C',9000,'SYSTEM','2021-05-24 16:59:52.228000','Y','SYSTEM','2021-05-24 16:59:52.228000','Y','N',741),(105003,NULL,'KES',NULL,'2021-05-24','Debiting Customer Loan Account with the Loan Intake Fee','C','NC',6,'S001L1N15101','D',150,'SYSTEM','2021-05-24 16:59:52.228000','Y','SYSTEM','2021-05-24 16:59:52.228000','Y','N',742),(105003,NULL,'KES',NULL,'2021-05-24','Crediting Interest Income Account with Loan Intake fee','C','NC',7,'S001L1N11129','C',150,'SYSTEM','2021-05-24 16:59:52.228000','Y','SYSTEM','2021-05-24 16:59:52.228000','Y','N',743),(105003,NULL,'KES',NULL,'2021-05-24','Debiting Customer Loan Account with Interest Demand Amount','C','NC',8,'S001L1N15101','D',9000,'SYSTEM','2021-05-24 16:59:52.228000','Y','SYSTEM','2021-05-24 16:59:52.228000','Y','N',744),(105004,NULL,'KES',NULL,'2021-05-24','Crediting Loan Disbursement Table','C','NC',1,'S001L1N11127','C',3000,'SYSTEM','2021-05-24 17:18:21.890000','Y','SYSTEM','2021-05-24 17:18:21.890000','Y','N',745),(105004,NULL,'KES',NULL,'2021-05-24','Crediting the Interest Income Account with Processing Fee','C','NC',2,'S001L1N11129','C',100,'SYSTEM','2021-05-24 17:18:21.890000','Y','SYSTEM','2021-05-24 17:18:21.890000','Y','N',746),(105004,NULL,'KES',NULL,'2021-05-24','Debiting Customer Loan Account with the Loan Intake Fee','C','NC',3,'S001L1N15102','D',150,'SYSTEM','2021-05-24 17:18:21.890000','Y','SYSTEM','2021-05-24 17:18:21.890000','Y','N',747),(105004,NULL,'KES',NULL,'2021-05-24','Crediting Interest Income Account with Loan Intake fee','C','NC',4,'S001L1N11129','C',150,'SYSTEM','2021-05-24 17:18:21.890000','Y','SYSTEM','2021-05-24 17:18:21.890000','Y','N',748),(105004,NULL,'KES',NULL,'2021-05-24','Debiting Customer Loa Account with Principal Demand Amount','C','NC',5,'S001L1N15102','D',3000,'SYSTEM','2021-05-24 17:18:21.890000','Y','SYSTEM','2021-05-24 17:18:21.890000','Y','N',749),(105004,NULL,'KES',NULL,'2021-05-24','Crediting Interest Accrual Account','C','NC',6,'S001L1N11130','C',9000,'SYSTEM','2021-05-24 17:18:21.890000','Y','SYSTEM','2021-05-24 17:18:21.890000','Y','N',750),(105004,NULL,'KES',NULL,'2021-05-24','Debiting Customer Loan Account with Interest Demand Amount','C','NC',7,'S001L1N15102','D',9000,'SYSTEM','2021-05-24 17:18:21.890000','Y','SYSTEM','2021-05-24 17:18:21.890000','Y','N',751),(105004,NULL,'KES',NULL,'2021-05-24','Debiting Customer Loan Account with Loan Processing fee','C','NC',8,'S001L1N15102','D',100,'SYSTEM','2021-05-24 17:18:21.890000','Y','SYSTEM','2021-05-24 17:18:21.890000','Y','N',752),(105001,NULL,'KES',NULL,'2021-05-24','Debiting the Repayment Account with the Interest Demand repaid Amount','T','LR',1,'S001L1N11128','D',300,'1','2021-05-24 16:54:15.799000','Y','SYSTEM',NULL,'Y','N',753),(105001,NULL,'KES',NULL,'2021-05-24','Debiting Interest Accrual Account with Interest Amount Repaid','T','LR',2,'S001L1N11130','D',300,'1','2021-05-24 16:54:15.799000','Y','SYSTEM',NULL,'Y','N',754),(105001,NULL,'KES',NULL,'2021-05-24','Crediting Customer Loan Account with Principal Demand Repayment Amount','T','LR',3,'S001L1N11131','C',100,'1','2021-05-24 16:54:15.799000','Y','SYSTEM',NULL,'Y','N',755),(105001,NULL,'KES',NULL,'2021-05-24','Crediting Customer Loan Account with the Interest Demand Repaid Amount','T','LR',4,'S001L1N11131','C',300,'1','2021-05-24 16:54:15.799000','Y','SYSTEM',NULL,'Y','N',756),(105001,NULL,'KES',NULL,'2021-05-24','Crediting Interest Income Account with Interest Amount Repaid','T','LR',5,'S001L1N11129','C',300,'1','2021-05-24 16:54:15.799000','Y','SYSTEM',NULL,'Y','N',757),(105001,NULL,'KES',NULL,'2021-05-24','Debiting the Repayment Account with the Principal Demand Amount','T','LR',6,'S001L1N11128','D',100,'1','2021-05-24 16:54:15.799000','Y','SYSTEM',NULL,'Y','N',758),(105003,NULL,'KES',NULL,'2021-05-24','Crediting Loan Disbursement Table','C','NC',1,'S001L1N11127','C',3000,'SYSTEM','2021-05-24 16:59:52.228000','Y','SYSTEM','2021-05-24 16:59:52.228000','Y','N',759),(105003,NULL,'KES',NULL,'2021-05-24','Crediting the Interest Income Account with Processing Fee','C','NC',2,'S001L1N11129','C',100,'SYSTEM','2021-05-24 16:59:52.228000','Y','SYSTEM','2021-05-24 16:59:52.228000','Y','N',760),(105003,NULL,'KES',NULL,'2021-05-24','Debiting Customer Loan Account with Loan Processing fee','C','NC',3,'S001L1N15101','D',100,'SYSTEM','2021-05-24 16:59:52.228000','Y','SYSTEM','2021-05-24 16:59:52.228000','Y','N',761),(105003,NULL,'KES',NULL,'2021-05-24','Debiting Customer Loa Account with Principal Demand Amount','C','NC',4,'S001L1N15101','D',3000,'SYSTEM','2021-05-24 16:59:52.228000','Y','SYSTEM','2021-05-24 16:59:52.228000','Y','N',762),(105003,NULL,'KES',NULL,'2021-05-24','Crediting Interest Accrual Account','C','NC',5,'S001L1N11130','C',9000,'SYSTEM','2021-05-24 16:59:52.228000','Y','SYSTEM','2021-05-24 16:59:52.228000','Y','N',763),(105003,NULL,'KES',NULL,'2021-05-24','Debiting Customer Loan Account with the Loan Intake Fee','C','NC',6,'S001L1N15101','D',150,'SYSTEM','2021-05-24 16:59:52.228000','Y','SYSTEM','2021-05-24 16:59:52.228000','Y','N',764),(105003,NULL,'KES',NULL,'2021-05-24','Crediting Interest Income Account with Loan Intake fee','C','NC',7,'S001L1N11129','C',150,'SYSTEM','2021-05-24 16:59:52.228000','Y','SYSTEM','2021-05-24 16:59:52.228000','Y','N',765),(105003,NULL,'KES',NULL,'2021-05-24','Debiting Customer Loan Account with Interest Demand Amount','C','NC',8,'S001L1N15101','D',9000,'SYSTEM','2021-05-24 16:59:52.228000','Y','SYSTEM','2021-05-24 16:59:52.228000','Y','N',766),(105004,NULL,'KES',NULL,'2021-05-24','Crediting Loan Disbursement Table','C','NC',1,'S001L1N11127','C',3000,'SYSTEM','2021-05-24 17:18:21.890000','Y','SYSTEM','2021-05-24 17:18:21.890000','Y','N',767),(105004,NULL,'KES',NULL,'2021-05-24','Crediting the Interest Income Account with Processing Fee','C','NC',2,'S001L1N11129','C',100,'SYSTEM','2021-05-24 17:18:21.890000','Y','SYSTEM','2021-05-24 17:18:21.890000','Y','N',768),(105004,NULL,'KES',NULL,'2021-05-24','Debiting Customer Loan Account with the Loan Intake Fee','C','NC',3,'S001L1N15102','D',150,'SYSTEM','2021-05-24 17:18:21.890000','Y','SYSTEM','2021-05-24 17:18:21.890000','Y','N',769),(105004,NULL,'KES',NULL,'2021-05-24','Crediting Interest Income Account with Loan Intake fee','C','NC',4,'S001L1N11129','C',150,'SYSTEM','2021-05-24 17:18:21.890000','Y','SYSTEM','2021-05-24 17:18:21.890000','Y','N',770),(105004,NULL,'KES',NULL,'2021-05-24','Debiting Customer Loa Account with Principal Demand Amount','C','NC',5,'S001L1N15102','D',3000,'SYSTEM','2021-05-24 17:18:21.890000','Y','SYSTEM','2021-05-24 17:18:21.890000','Y','N',771),(105004,NULL,'KES',NULL,'2021-05-24','Crediting Interest Accrual Account','C','NC',6,'S001L1N11130','C',9000,'SYSTEM','2021-05-24 17:18:21.890000','Y','SYSTEM','2021-05-24 17:18:21.890000','Y','N',772),(105004,NULL,'KES',NULL,'2021-05-24','Debiting Customer Loan Account with Interest Demand Amount','C','NC',7,'S001L1N15102','D',9000,'SYSTEM','2021-05-24 17:18:21.890000','Y','SYSTEM','2021-05-24 17:18:21.890000','Y','N',773),(105004,NULL,'KES',NULL,'2021-05-24','Debiting Customer Loan Account with Loan Processing fee','C','NC',8,'S001L1N15102','D',100,'SYSTEM','2021-05-24 17:18:21.890000','Y','SYSTEM','2021-05-24 17:18:21.890000','Y','N',774),(105001,NULL,'KES',NULL,'2021-05-24','Debiting the Repayment Account with the Interest Demand repaid Amount','T','LR',1,'S001L1N11128','D',300,'1','2021-05-24 16:54:15.799000','Y','SYSTEM',NULL,'Y','N',775),(105001,NULL,'KES',NULL,'2021-05-24','Debiting Interest Accrual Account with Interest Amount Repaid','T','LR',2,'S001L1N11130','D',300,'1','2021-05-24 16:54:15.799000','Y','SYSTEM',NULL,'Y','N',776),(105001,NULL,'KES',NULL,'2021-05-24','Crediting Customer Loan Account with Principal Demand Repayment Amount','T','LR',3,'S001L1N11131','C',100,'1','2021-05-24 16:54:15.799000','Y','SYSTEM',NULL,'Y','N',777),(105001,NULL,'KES',NULL,'2021-05-24','Crediting Customer Loan Account with the Interest Demand Repaid Amount','T','LR',4,'S001L1N11131','C',300,'1','2021-05-24 16:54:15.799000','Y','SYSTEM',NULL,'Y','N',778),(105001,NULL,'KES',NULL,'2021-05-24','Crediting Interest Income Account with Interest Amount Repaid','T','LR',5,'S001L1N11129','C',300,'1','2021-05-24 16:54:15.799000','Y','SYSTEM',NULL,'Y','N',779),(105001,NULL,'KES',NULL,'2021-05-24','Debiting the Repayment Account with the Principal Demand Amount','T','LR',6,'S001L1N11128','D',100,'1','2021-05-24 16:54:15.799000','Y','SYSTEM',NULL,'Y','N',780),(105003,NULL,'KES',NULL,'2021-05-24','Crediting Loan Disbursement Table','C','NC',1,'S001L1N11127','C',3000,'SYSTEM','2021-05-24 16:59:52.228000','Y','SYSTEM','2021-05-24 16:59:52.228000','Y','N',781),(105003,NULL,'KES',NULL,'2021-05-24','Crediting the Interest Income Account with Processing Fee','C','NC',2,'S001L1N11129','C',100,'SYSTEM','2021-05-24 16:59:52.228000','Y','SYSTEM','2021-05-24 16:59:52.228000','Y','N',782),(105003,NULL,'KES',NULL,'2021-05-24','Debiting Customer Loan Account with Loan Processing fee','C','NC',3,'S001L1N15101','D',100,'SYSTEM','2021-05-24 16:59:52.228000','Y','SYSTEM','2021-05-24 16:59:52.228000','Y','N',783),(105003,NULL,'KES',NULL,'2021-05-24','Debiting Customer Loa Account with Principal Demand Amount','C','NC',4,'S001L1N15101','D',3000,'SYSTEM','2021-05-24 16:59:52.228000','Y','SYSTEM','2021-05-24 16:59:52.228000','Y','N',784),(105003,NULL,'KES',NULL,'2021-05-24','Crediting Interest Accrual Account','C','NC',5,'S001L1N11130','C',9000,'SYSTEM','2021-05-24 16:59:52.228000','Y','SYSTEM','2021-05-24 16:59:52.228000','Y','N',785),(105003,NULL,'KES',NULL,'2021-05-24','Debiting Customer Loan Account with the Loan Intake Fee','C','NC',6,'S001L1N15101','D',150,'SYSTEM','2021-05-24 16:59:52.228000','Y','SYSTEM','2021-05-24 16:59:52.228000','Y','N',786),(105003,NULL,'KES',NULL,'2021-05-24','Crediting Interest Income Account with Loan Intake fee','C','NC',7,'S001L1N11129','C',150,'SYSTEM','2021-05-24 16:59:52.228000','Y','SYSTEM','2021-05-24 16:59:52.228000','Y','N',787),(105003,NULL,'KES',NULL,'2021-05-24','Debiting Customer Loan Account with Interest Demand Amount','C','NC',8,'S001L1N15101','D',9000,'SYSTEM','2021-05-24 16:59:52.228000','Y','SYSTEM','2021-05-24 16:59:52.228000','Y','N',788),(105004,NULL,'KES',NULL,'2021-05-24','Crediting Loan Disbursement Table','C','NC',1,'S001L1N11127','C',3000,'SYSTEM','2021-05-24 17:18:21.890000','Y','SYSTEM','2021-05-24 17:18:21.890000','Y','N',789),(105004,NULL,'KES',NULL,'2021-05-24','Crediting the Interest Income Account with Processing Fee','C','NC',2,'S001L1N11129','C',100,'SYSTEM','2021-05-24 17:18:21.890000','Y','SYSTEM','2021-05-24 17:18:21.890000','Y','N',790),(105004,NULL,'KES',NULL,'2021-05-24','Debiting Customer Loan Account with the Loan Intake Fee','C','NC',3,'S001L1N15102','D',150,'SYSTEM','2021-05-24 17:18:21.890000','Y','SYSTEM','2021-05-24 17:18:21.890000','Y','N',791),(105004,NULL,'KES',NULL,'2021-05-24','Crediting Interest Income Account with Loan Intake fee','C','NC',4,'S001L1N11129','C',150,'SYSTEM','2021-05-24 17:18:21.890000','Y','SYSTEM','2021-05-24 17:18:21.890000','Y','N',792),(105004,NULL,'KES',NULL,'2021-05-24','Debiting Customer Loa Account with Principal Demand Amount','C','NC',5,'S001L1N15102','D',3000,'SYSTEM','2021-05-24 17:18:21.890000','Y','SYSTEM','2021-05-24 17:18:21.890000','Y','N',793),(105004,NULL,'KES',NULL,'2021-05-24','Crediting Interest Accrual Account','C','NC',6,'S001L1N11130','C',9000,'SYSTEM','2021-05-24 17:18:21.890000','Y','SYSTEM','2021-05-24 17:18:21.890000','Y','N',794),(105004,NULL,'KES',NULL,'2021-05-24','Debiting Customer Loan Account with Interest Demand Amount','C','NC',7,'S001L1N15102','D',9000,'SYSTEM','2021-05-24 17:18:21.890000','Y','SYSTEM','2021-05-24 17:18:21.890000','Y','N',795),(105004,NULL,'KES',NULL,'2021-05-24','Debiting Customer Loan Account with Loan Processing fee','C','NC',8,'S001L1N15102','D',100,'SYSTEM','2021-05-24 17:18:21.890000','Y','SYSTEM','2021-05-24 17:18:21.890000','Y','N',796),(105001,NULL,'KES',NULL,'2021-05-24','Debiting the Repayment Account with the Interest Demand repaid Amount','T','LR',1,'S001L1N11128','D',300,'1','2021-05-24 16:54:15.799000','Y','SYSTEM',NULL,'Y','N',797),(105001,NULL,'KES',NULL,'2021-05-24','Debiting Interest Accrual Account with Interest Amount Repaid','T','LR',2,'S001L1N11130','D',300,'1','2021-05-24 16:54:15.799000','Y','SYSTEM',NULL,'Y','N',798),(105001,NULL,'KES',NULL,'2021-05-24','Crediting Customer Loan Account with Principal Demand Repayment Amount','T','LR',3,'S001L1N11131','C',100,'1','2021-05-24 16:54:15.799000','Y','SYSTEM',NULL,'Y','N',799),(105001,NULL,'KES',NULL,'2021-05-24','Crediting Customer Loan Account with the Interest Demand Repaid Amount','T','LR',4,'S001L1N11131','C',300,'1','2021-05-24 16:54:15.799000','Y','SYSTEM',NULL,'Y','N',800),(105001,NULL,'KES',NULL,'2021-05-24','Crediting Interest Income Account with Interest Amount Repaid','T','LR',5,'S001L1N11129','C',300,'1','2021-05-24 16:54:15.799000','Y','SYSTEM',NULL,'Y','N',801),(105001,NULL,'KES',NULL,'2021-05-24','Debiting the Repayment Account with the Principal Demand Amount','T','LR',6,'S001L1N11128','D',100,'1','2021-05-24 16:54:15.799000','Y','SYSTEM',NULL,'Y','N',802),(105003,NULL,'KES',NULL,'2021-05-24','Crediting Loan Disbursement Table','C','NC',1,'S001L1N11127','C',3000,'SYSTEM','2021-05-24 16:59:52.228000','Y','SYSTEM','2021-05-24 16:59:52.228000','Y','N',803),(105003,NULL,'KES',NULL,'2021-05-24','Crediting the Interest Income Account with Processing Fee','C','NC',2,'S001L1N11129','C',100,'SYSTEM','2021-05-24 16:59:52.228000','Y','SYSTEM','2021-05-24 16:59:52.228000','Y','N',804),(105003,NULL,'KES',NULL,'2021-05-24','Debiting Customer Loan Account with Loan Processing fee','C','NC',3,'S001L1N15101','D',100,'SYSTEM','2021-05-24 16:59:52.228000','Y','SYSTEM','2021-05-24 16:59:52.228000','Y','N',805),(105003,NULL,'KES',NULL,'2021-05-24','Debiting Customer Loa Account with Principal Demand Amount','C','NC',4,'S001L1N15101','D',3000,'SYSTEM','2021-05-24 16:59:52.228000','Y','SYSTEM','2021-05-24 16:59:52.228000','Y','N',806),(105003,NULL,'KES',NULL,'2021-05-24','Crediting Interest Accrual Account','C','NC',5,'S001L1N11130','C',9000,'SYSTEM','2021-05-24 16:59:52.228000','Y','SYSTEM','2021-05-24 16:59:52.228000','Y','N',807),(105003,NULL,'KES',NULL,'2021-05-24','Debiting Customer Loan Account with the Loan Intake Fee','C','NC',6,'S001L1N15101','D',150,'SYSTEM','2021-05-24 16:59:52.228000','Y','SYSTEM','2021-05-24 16:59:52.228000','Y','N',808),(105003,NULL,'KES',NULL,'2021-05-24','Crediting Interest Income Account with Loan Intake fee','C','NC',7,'S001L1N11129','C',150,'SYSTEM','2021-05-24 16:59:52.228000','Y','SYSTEM','2021-05-24 16:59:52.228000','Y','N',809),(105003,NULL,'KES',NULL,'2021-05-24','Debiting Customer Loan Account with Interest Demand Amount','C','NC',8,'S001L1N15101','D',9000,'SYSTEM','2021-05-24 16:59:52.228000','Y','SYSTEM','2021-05-24 16:59:52.228000','Y','N',810),(105004,NULL,'KES',NULL,'2021-05-24','Crediting Loan Disbursement Table','C','NC',1,'S001L1N11127','C',3000,'SYSTEM','2021-05-24 17:18:21.890000','Y','SYSTEM','2021-05-24 17:18:21.890000','Y','N',811),(105004,NULL,'KES',NULL,'2021-05-24','Crediting the Interest Income Account with Processing Fee','C','NC',2,'S001L1N11129','C',100,'SYSTEM','2021-05-24 17:18:21.890000','Y','SYSTEM','2021-05-24 17:18:21.890000','Y','N',812),(105004,NULL,'KES',NULL,'2021-05-24','Debiting Customer Loan Account with the Loan Intake Fee','C','NC',3,'S001L1N15102','D',150,'SYSTEM','2021-05-24 17:18:21.890000','Y','SYSTEM','2021-05-24 17:18:21.890000','Y','N',813),(105004,NULL,'KES',NULL,'2021-05-24','Crediting Interest Income Account with Loan Intake fee','C','NC',4,'S001L1N11129','C',150,'SYSTEM','2021-05-24 17:18:21.890000','Y','SYSTEM','2021-05-24 17:18:21.890000','Y','N',814),(105004,NULL,'KES',NULL,'2021-05-24','Debiting Customer Loa Account with Principal Demand Amount','C','NC',5,'S001L1N15102','D',3000,'SYSTEM','2021-05-24 17:18:21.890000','Y','SYSTEM','2021-05-24 17:18:21.890000','Y','N',815),(105004,NULL,'KES',NULL,'2021-05-24','Crediting Interest Accrual Account','C','NC',6,'S001L1N11130','C',9000,'SYSTEM','2021-05-24 17:18:21.890000','Y','SYSTEM','2021-05-24 17:18:21.890000','Y','N',816),(105004,NULL,'KES',NULL,'2021-05-24','Debiting Customer Loan Account with Interest Demand Amount','C','NC',7,'S001L1N15102','D',9000,'SYSTEM','2021-05-24 17:18:21.890000','Y','SYSTEM','2021-05-24 17:18:21.890000','Y','N',817),(105004,NULL,'KES',NULL,'2021-05-24','Debiting Customer Loan Account with Loan Processing fee','C','NC',8,'S001L1N15102','D',100,'SYSTEM','2021-05-24 17:18:21.890000','Y','SYSTEM','2021-05-24 17:18:21.890000','Y','N',818),(105001,NULL,'KES',NULL,'2021-05-24','Debiting the Repayment Account with the Interest Demand repaid Amount','T','LR',1,'S001L1N11128','D',300,'1','2021-05-24 16:54:15.799000','Y','SYSTEM',NULL,'Y','N',819),(105001,NULL,'KES',NULL,'2021-05-24','Debiting Interest Accrual Account with Interest Amount Repaid','T','LR',2,'S001L1N11130','D',300,'1','2021-05-24 16:54:15.799000','Y','SYSTEM',NULL,'Y','N',820),(105001,NULL,'KES',NULL,'2021-05-24','Crediting Customer Loan Account with Principal Demand Repayment Amount','T','LR',3,'S001L1N11131','C',100,'1','2021-05-24 16:54:15.799000','Y','SYSTEM',NULL,'Y','N',821),(105001,NULL,'KES',NULL,'2021-05-24','Crediting Customer Loan Account with the Interest Demand Repaid Amount','T','LR',4,'S001L1N11131','C',300,'1','2021-05-24 16:54:15.799000','Y','SYSTEM',NULL,'Y','N',822),(105001,NULL,'KES',NULL,'2021-05-24','Crediting Interest Income Account with Interest Amount Repaid','T','LR',5,'S001L1N11129','C',300,'1','2021-05-24 16:54:15.799000','Y','SYSTEM',NULL,'Y','N',823),(105001,NULL,'KES',NULL,'2021-05-24','Debiting the Repayment Account with the Principal Demand Amount','T','LR',6,'S001L1N11128','D',100,'1','2021-05-24 16:54:15.799000','Y','SYSTEM',NULL,'Y','N',824),(105003,NULL,'KES',NULL,'2021-05-24','Crediting Loan Disbursement Table','C','NC',1,'S001L1N11127','C',3000,'SYSTEM','2021-05-24 16:59:52.228000','Y','SYSTEM','2021-05-24 16:59:52.228000','Y','N',825),(105003,NULL,'KES',NULL,'2021-05-24','Crediting the Interest Income Account with Processing Fee','C','NC',2,'S001L1N11129','C',100,'SYSTEM','2021-05-24 16:59:52.228000','Y','SYSTEM','2021-05-24 16:59:52.228000','Y','N',826),(105003,NULL,'KES',NULL,'2021-05-24','Debiting Customer Loan Account with Loan Processing fee','C','NC',3,'S001L1N15101','D',100,'SYSTEM','2021-05-24 16:59:52.228000','Y','SYSTEM','2021-05-24 16:59:52.228000','Y','N',827),(105003,NULL,'KES',NULL,'2021-05-24','Debiting Customer Loa Account with Principal Demand Amount','C','NC',4,'S001L1N15101','D',3000,'SYSTEM','2021-05-24 16:59:52.228000','Y','SYSTEM','2021-05-24 16:59:52.228000','Y','N',828),(105003,NULL,'KES',NULL,'2021-05-24','Crediting Interest Accrual Account','C','NC',5,'S001L1N11130','C',9000,'SYSTEM','2021-05-24 16:59:52.228000','Y','SYSTEM','2021-05-24 16:59:52.228000','Y','N',829),(105003,NULL,'KES',NULL,'2021-05-24','Debiting Customer Loan Account with the Loan Intake Fee','C','NC',6,'S001L1N15101','D',150,'SYSTEM','2021-05-24 16:59:52.228000','Y','SYSTEM','2021-05-24 16:59:52.228000','Y','N',830),(105003,NULL,'KES',NULL,'2021-05-24','Crediting Interest Income Account with Loan Intake fee','C','NC',7,'S001L1N11129','C',150,'SYSTEM','2021-05-24 16:59:52.228000','Y','SYSTEM','2021-05-24 16:59:52.228000','Y','N',831),(105003,NULL,'KES',NULL,'2021-05-24','Debiting Customer Loan Account with Interest Demand Amount','C','NC',8,'S001L1N15101','D',9000,'SYSTEM','2021-05-24 16:59:52.228000','Y','SYSTEM','2021-05-24 16:59:52.228000','Y','N',832),(105004,NULL,'KES',NULL,'2021-05-24','Crediting Loan Disbursement Table','C','NC',1,'S001L1N11127','C',3000,'SYSTEM','2021-05-24 17:18:21.890000','Y','SYSTEM','2021-05-24 17:18:21.890000','Y','N',833),(105004,NULL,'KES',NULL,'2021-05-24','Crediting the Interest Income Account with Processing Fee','C','NC',2,'S001L1N11129','C',100,'SYSTEM','2021-05-24 17:18:21.890000','Y','SYSTEM','2021-05-24 17:18:21.890000','Y','N',834),(105004,NULL,'KES',NULL,'2021-05-24','Debiting Customer Loan Account with the Loan Intake Fee','C','NC',3,'S001L1N15102','D',150,'SYSTEM','2021-05-24 17:18:21.890000','Y','SYSTEM','2021-05-24 17:18:21.890000','Y','N',835),(105004,NULL,'KES',NULL,'2021-05-24','Crediting Interest Income Account with Loan Intake fee','C','NC',4,'S001L1N11129','C',150,'SYSTEM','2021-05-24 17:18:21.890000','Y','SYSTEM','2021-05-24 17:18:21.890000','Y','N',836),(105004,NULL,'KES',NULL,'2021-05-24','Debiting Customer Loa Account with Principal Demand Amount','C','NC',5,'S001L1N15102','D',3000,'SYSTEM','2021-05-24 17:18:21.890000','Y','SYSTEM','2021-05-24 17:18:21.890000','Y','N',837),(105004,NULL,'KES',NULL,'2021-05-24','Crediting Interest Accrual Account','C','NC',6,'S001L1N11130','C',9000,'SYSTEM','2021-05-24 17:18:21.890000','Y','SYSTEM','2021-05-24 17:18:21.890000','Y','N',838),(105004,NULL,'KES',NULL,'2021-05-24','Debiting Customer Loan Account with Interest Demand Amount','C','NC',7,'S001L1N15102','D',9000,'SYSTEM','2021-05-24 17:18:21.890000','Y','SYSTEM','2021-05-24 17:18:21.890000','Y','N',839),(105004,NULL,'KES',NULL,'2021-05-24','Debiting Customer Loan Account with Loan Processing fee','C','NC',8,'S001L1N15102','D',100,'SYSTEM','2021-05-24 17:18:21.890000','Y','SYSTEM','2021-05-24 17:18:21.890000','Y','N',840),(105001,NULL,'KES',NULL,'2021-05-24','Debiting the Repayment Account with the Interest Demand repaid Amount','T','LR',1,'S001L1N11128','D',300,'1','2021-05-24 16:54:15.799000','Y','SYSTEM',NULL,'Y','N',841),(105001,NULL,'KES',NULL,'2021-05-24','Debiting Interest Accrual Account with Interest Amount Repaid','T','LR',2,'S001L1N11130','D',300,'1','2021-05-24 16:54:15.799000','Y','SYSTEM',NULL,'Y','N',842),(105001,NULL,'KES',NULL,'2021-05-24','Crediting Customer Loan Account with Principal Demand Repayment Amount','T','LR',3,'S001L1N11131','C',100,'1','2021-05-24 16:54:15.799000','Y','SYSTEM',NULL,'Y','N',843),(105001,NULL,'KES',NULL,'2021-05-24','Crediting Customer Loan Account with the Interest Demand Repaid Amount','T','LR',4,'S001L1N11131','C',300,'1','2021-05-24 16:54:15.799000','Y','SYSTEM',NULL,'Y','N',844),(105001,NULL,'KES',NULL,'2021-05-24','Crediting Interest Income Account with Interest Amount Repaid','T','LR',5,'S001L1N11129','C',300,'1','2021-05-24 16:54:15.799000','Y','SYSTEM',NULL,'Y','N',845),(105001,NULL,'KES',NULL,'2021-05-24','Debiting the Repayment Account with the Principal Demand Amount','T','LR',6,'S001L1N11128','D',100,'1','2021-05-24 16:54:15.799000','Y','SYSTEM',NULL,'Y','N',846),(105003,NULL,'KES',NULL,'2021-05-24','Crediting Loan Disbursement Table','C','NC',1,'S001L1N11127','C',3000,'SYSTEM','2021-05-24 16:59:52.228000','Y','SYSTEM','2021-05-24 16:59:52.228000','Y','N',847),(105003,NULL,'KES',NULL,'2021-05-24','Crediting the Interest Income Account with Processing Fee','C','NC',2,'S001L1N11129','C',100,'SYSTEM','2021-05-24 16:59:52.228000','Y','SYSTEM','2021-05-24 16:59:52.228000','Y','N',848),(105003,NULL,'KES',NULL,'2021-05-24','Debiting Customer Loan Account with Loan Processing fee','C','NC',3,'S001L1N15101','D',100,'SYSTEM','2021-05-24 16:59:52.228000','Y','SYSTEM','2021-05-24 16:59:52.228000','Y','N',849),(105003,NULL,'KES',NULL,'2021-05-24','Debiting Customer Loa Account with Principal Demand Amount','C','NC',4,'S001L1N15101','D',3000,'SYSTEM','2021-05-24 16:59:52.228000','Y','SYSTEM','2021-05-24 16:59:52.228000','Y','N',850),(105003,NULL,'KES',NULL,'2021-05-24','Crediting Interest Accrual Account','C','NC',5,'S001L1N11130','C',9000,'SYSTEM','2021-05-24 16:59:52.228000','Y','SYSTEM','2021-05-24 16:59:52.228000','Y','N',851),(105003,NULL,'KES',NULL,'2021-05-24','Debiting Customer Loan Account with the Loan Intake Fee','C','NC',6,'S001L1N15101','D',150,'SYSTEM','2021-05-24 16:59:52.228000','Y','SYSTEM','2021-05-24 16:59:52.228000','Y','N',852),(105003,NULL,'KES',NULL,'2021-05-24','Crediting Interest Income Account with Loan Intake fee','C','NC',7,'S001L1N11129','C',150,'SYSTEM','2021-05-24 16:59:52.228000','Y','SYSTEM','2021-05-24 16:59:52.228000','Y','N',853),(105003,NULL,'KES',NULL,'2021-05-24','Debiting Customer Loan Account with Interest Demand Amount','C','NC',8,'S001L1N15101','D',9000,'SYSTEM','2021-05-24 16:59:52.228000','Y','SYSTEM','2021-05-24 16:59:52.228000','Y','N',854),(105004,NULL,'KES',NULL,'2021-05-24','Crediting Loan Disbursement Table','C','NC',1,'S001L1N11127','C',3000,'SYSTEM','2021-05-24 17:18:21.890000','Y','SYSTEM','2021-05-24 17:18:21.890000','Y','N',855),(105004,NULL,'KES',NULL,'2021-05-24','Crediting the Interest Income Account with Processing Fee','C','NC',2,'S001L1N11129','C',100,'SYSTEM','2021-05-24 17:18:21.890000','Y','SYSTEM','2021-05-24 17:18:21.890000','Y','N',856),(105004,NULL,'KES',NULL,'2021-05-24','Debiting Customer Loan Account with the Loan Intake Fee','C','NC',3,'S001L1N15102','D',150,'SYSTEM','2021-05-24 17:18:21.890000','Y','SYSTEM','2021-05-24 17:18:21.890000','Y','N',857),(105004,NULL,'KES',NULL,'2021-05-24','Crediting Interest Income Account with Loan Intake fee','C','NC',4,'S001L1N11129','C',150,'SYSTEM','2021-05-24 17:18:21.890000','Y','SYSTEM','2021-05-24 17:18:21.890000','Y','N',858),(105004,NULL,'KES',NULL,'2021-05-24','Debiting Customer Loa Account with Principal Demand Amount','C','NC',5,'S001L1N15102','D',3000,'SYSTEM','2021-05-24 17:18:21.890000','Y','SYSTEM','2021-05-24 17:18:21.890000','Y','N',859),(105004,NULL,'KES',NULL,'2021-05-24','Crediting Interest Accrual Account','C','NC',6,'S001L1N11130','C',9000,'SYSTEM','2021-05-24 17:18:21.890000','Y','SYSTEM','2021-05-24 17:18:21.890000','Y','N',860),(105004,NULL,'KES',NULL,'2021-05-24','Debiting Customer Loan Account with Interest Demand Amount','C','NC',7,'S001L1N15102','D',9000,'SYSTEM','2021-05-24 17:18:21.890000','Y','SYSTEM','2021-05-24 17:18:21.890000','Y','N',861),(105004,NULL,'KES',NULL,'2021-05-24','Debiting Customer Loan Account with Loan Processing fee','C','NC',8,'S001L1N15102','D',100,'SYSTEM','2021-05-24 17:18:21.890000','Y','SYSTEM','2021-05-24 17:18:21.890000','Y','N',862),(105001,NULL,'KES',NULL,'2021-05-24','Debiting the Repayment Account with the Interest Demand repaid Amount','T','LR',1,'S001L1N11128','D',300,'1','2021-05-24 16:54:15.799000','Y','SYSTEM',NULL,'Y','N',863),(105001,NULL,'KES',NULL,'2021-05-24','Debiting Interest Accrual Account with Interest Amount Repaid','T','LR',2,'S001L1N11130','D',300,'1','2021-05-24 16:54:15.799000','Y','SYSTEM',NULL,'Y','N',864),(105001,NULL,'KES',NULL,'2021-05-24','Crediting Customer Loan Account with Principal Demand Repayment Amount','T','LR',3,'S001L1N11131','C',100,'1','2021-05-24 16:54:15.799000','Y','SYSTEM',NULL,'Y','N',865),(105001,NULL,'KES',NULL,'2021-05-24','Crediting Customer Loan Account with the Interest Demand Repaid Amount','T','LR',4,'S001L1N11131','C',300,'1','2021-05-24 16:54:15.799000','Y','SYSTEM',NULL,'Y','N',866),(105001,NULL,'KES',NULL,'2021-05-24','Crediting Interest Income Account with Interest Amount Repaid','T','LR',5,'S001L1N11129','C',300,'1','2021-05-24 16:54:15.799000','Y','SYSTEM',NULL,'Y','N',867),(105001,NULL,'KES',NULL,'2021-05-24','Debiting the Repayment Account with the Principal Demand Amount','T','LR',6,'S001L1N11128','D',100,'1','2021-05-24 16:54:15.799000','Y','SYSTEM',NULL,'Y','N',868),(105003,NULL,'KES',NULL,'2021-05-24','Crediting Loan Disbursement Table','C','NC',1,'S001L1N11127','C',3000,'SYSTEM','2021-05-24 16:59:52.228000','Y','SYSTEM','2021-05-24 16:59:52.228000','Y','N',869),(105003,NULL,'KES',NULL,'2021-05-24','Crediting the Interest Income Account with Processing Fee','C','NC',2,'S001L1N11129','C',100,'SYSTEM','2021-05-24 16:59:52.228000','Y','SYSTEM','2021-05-24 16:59:52.228000','Y','N',870),(105003,NULL,'KES',NULL,'2021-05-24','Debiting Customer Loan Account with Loan Processing fee','C','NC',3,'S001L1N15101','D',100,'SYSTEM','2021-05-24 16:59:52.228000','Y','SYSTEM','2021-05-24 16:59:52.228000','Y','N',871),(105003,NULL,'KES',NULL,'2021-05-24','Debiting Customer Loa Account with Principal Demand Amount','C','NC',4,'S001L1N15101','D',3000,'SYSTEM','2021-05-24 16:59:52.228000','Y','SYSTEM','2021-05-24 16:59:52.228000','Y','N',872),(105003,NULL,'KES',NULL,'2021-05-24','Crediting Interest Accrual Account','C','NC',5,'S001L1N11130','C',9000,'SYSTEM','2021-05-24 16:59:52.228000','Y','SYSTEM','2021-05-24 16:59:52.228000','Y','N',873),(105003,NULL,'KES',NULL,'2021-05-24','Debiting Customer Loan Account with the Loan Intake Fee','C','NC',6,'S001L1N15101','D',150,'SYSTEM','2021-05-24 16:59:52.228000','Y','SYSTEM','2021-05-24 16:59:52.228000','Y','N',874),(105003,NULL,'KES',NULL,'2021-05-24','Crediting Interest Income Account with Loan Intake fee','C','NC',7,'S001L1N11129','C',150,'SYSTEM','2021-05-24 16:59:52.228000','Y','SYSTEM','2021-05-24 16:59:52.228000','Y','N',875),(105003,NULL,'KES',NULL,'2021-05-24','Debiting Customer Loan Account with Interest Demand Amount','C','NC',8,'S001L1N15101','D',9000,'SYSTEM','2021-05-24 16:59:52.228000','Y','SYSTEM','2021-05-24 16:59:52.228000','Y','N',876),(105004,NULL,'KES',NULL,'2021-05-24','Crediting Loan Disbursement Table','C','NC',1,'S001L1N11127','C',3000,'SYSTEM','2021-05-24 17:18:21.890000','Y','SYSTEM','2021-05-24 17:18:21.890000','Y','N',877),(105004,NULL,'KES',NULL,'2021-05-24','Crediting the Interest Income Account with Processing Fee','C','NC',2,'S001L1N11129','C',100,'SYSTEM','2021-05-24 17:18:21.890000','Y','SYSTEM','2021-05-24 17:18:21.890000','Y','N',878),(105004,NULL,'KES',NULL,'2021-05-24','Debiting Customer Loan Account with the Loan Intake Fee','C','NC',3,'S001L1N15102','D',150,'SYSTEM','2021-05-24 17:18:21.890000','Y','SYSTEM','2021-05-24 17:18:21.890000','Y','N',879),(105004,NULL,'KES',NULL,'2021-05-24','Crediting Interest Income Account with Loan Intake fee','C','NC',4,'S001L1N11129','C',150,'SYSTEM','2021-05-24 17:18:21.890000','Y','SYSTEM','2021-05-24 17:18:21.890000','Y','N',880),(105004,NULL,'KES',NULL,'2021-05-24','Debiting Customer Loa Account with Principal Demand Amount','C','NC',5,'S001L1N15102','D',3000,'SYSTEM','2021-05-24 17:18:21.890000','Y','SYSTEM','2021-05-24 17:18:21.890000','Y','N',881),(105004,NULL,'KES',NULL,'2021-05-24','Crediting Interest Accrual Account','C','NC',6,'S001L1N11130','C',9000,'SYSTEM','2021-05-24 17:18:21.890000','Y','SYSTEM','2021-05-24 17:18:21.890000','Y','N',882),(105004,NULL,'KES',NULL,'2021-05-24','Debiting Customer Loan Account with Interest Demand Amount','C','NC',7,'S001L1N15102','D',9000,'SYSTEM','2021-05-24 17:18:21.890000','Y','SYSTEM','2021-05-24 17:18:21.890000','Y','N',883),(105004,NULL,'KES',NULL,'2021-05-24','Debiting Customer Loan Account with Loan Processing fee','C','NC',8,'S001L1N15102','D',100,'SYSTEM','2021-05-24 17:18:21.890000','Y','SYSTEM','2021-05-24 17:18:21.890000','Y','N',884),(105001,NULL,'KES',NULL,'2021-05-24','Debiting the Repayment Account with the Interest Demand repaid Amount','T','LR',1,'S001L1N11128','D',300,'1','2021-05-24 16:54:15.799000','Y','SYSTEM',NULL,'Y','N',885),(105001,NULL,'KES',NULL,'2021-05-24','Debiting Interest Accrual Account with Interest Amount Repaid','T','LR',2,'S001L1N11130','D',300,'1','2021-05-24 16:54:15.799000','Y','SYSTEM',NULL,'Y','N',886),(105001,NULL,'KES',NULL,'2021-05-24','Crediting Customer Loan Account with Principal Demand Repayment Amount','T','LR',3,'S001L1N11131','C',100,'1','2021-05-24 16:54:15.799000','Y','SYSTEM',NULL,'Y','N',887),(105001,NULL,'KES',NULL,'2021-05-24','Crediting Customer Loan Account with the Interest Demand Repaid Amount','T','LR',4,'S001L1N11131','C',300,'1','2021-05-24 16:54:15.799000','Y','SYSTEM',NULL,'Y','N',888),(105001,NULL,'KES',NULL,'2021-05-24','Crediting Interest Income Account with Interest Amount Repaid','T','LR',5,'S001L1N11129','C',300,'1','2021-05-24 16:54:15.799000','Y','SYSTEM',NULL,'Y','N',889),(105001,NULL,'KES',NULL,'2021-05-24','Debiting the Repayment Account with the Principal Demand Amount','T','LR',6,'S001L1N11128','D',100,'1','2021-05-24 16:54:15.799000','Y','SYSTEM',NULL,'Y','N',890),(105003,NULL,'KES',NULL,'2021-05-24','Crediting Loan Disbursement Table','C','NC',1,'S001L1N11127','C',3000,'SYSTEM','2021-05-24 16:59:52.228000','Y','SYSTEM','2021-05-24 16:59:52.228000','Y','N',891),(105003,NULL,'KES',NULL,'2021-05-24','Crediting the Interest Income Account with Processing Fee','C','NC',2,'S001L1N11129','C',100,'SYSTEM','2021-05-24 16:59:52.228000','Y','SYSTEM','2021-05-24 16:59:52.228000','Y','N',892),(105003,NULL,'KES',NULL,'2021-05-24','Debiting Customer Loan Account with Loan Processing fee','C','NC',3,'S001L1N15101','D',100,'SYSTEM','2021-05-24 16:59:52.228000','Y','SYSTEM','2021-05-24 16:59:52.228000','Y','N',893),(105003,NULL,'KES',NULL,'2021-05-24','Debiting Customer Loa Account with Principal Demand Amount','C','NC',4,'S001L1N15101','D',3000,'SYSTEM','2021-05-24 16:59:52.228000','Y','SYSTEM','2021-05-24 16:59:52.228000','Y','N',894),(105003,NULL,'KES',NULL,'2021-05-24','Crediting Interest Accrual Account','C','NC',5,'S001L1N11130','C',9000,'SYSTEM','2021-05-24 16:59:52.228000','Y','SYSTEM','2021-05-24 16:59:52.228000','Y','N',895),(105003,NULL,'KES',NULL,'2021-05-24','Debiting Customer Loan Account with the Loan Intake Fee','C','NC',6,'S001L1N15101','D',150,'SYSTEM','2021-05-24 16:59:52.228000','Y','SYSTEM','2021-05-24 16:59:52.228000','Y','N',896),(105003,NULL,'KES',NULL,'2021-05-24','Crediting Interest Income Account with Loan Intake fee','C','NC',7,'S001L1N11129','C',150,'SYSTEM','2021-05-24 16:59:52.228000','Y','SYSTEM','2021-05-24 16:59:52.228000','Y','N',897),(105003,NULL,'KES',NULL,'2021-05-24','Debiting Customer Loan Account with Interest Demand Amount','C','NC',8,'S001L1N15101','D',9000,'SYSTEM','2021-05-24 16:59:52.228000','Y','SYSTEM','2021-05-24 16:59:52.228000','Y','N',898),(105004,NULL,'KES',NULL,'2021-05-24','Crediting Loan Disbursement Table','C','NC',1,'S001L1N11127','C',3000,'SYSTEM','2021-05-24 17:18:21.890000','Y','SYSTEM','2021-05-24 17:18:21.890000','Y','N',899),(105004,NULL,'KES',NULL,'2021-05-24','Crediting the Interest Income Account with Processing Fee','C','NC',2,'S001L1N11129','C',100,'SYSTEM','2021-05-24 17:18:21.890000','Y','SYSTEM','2021-05-24 17:18:21.890000','Y','N',900),(105004,NULL,'KES',NULL,'2021-05-24','Debiting Customer Loan Account with the Loan Intake Fee','C','NC',3,'S001L1N15102','D',150,'SYSTEM','2021-05-24 17:18:21.890000','Y','SYSTEM','2021-05-24 17:18:21.890000','Y','N',901),(105004,NULL,'KES',NULL,'2021-05-24','Crediting Interest Income Account with Loan Intake fee','C','NC',4,'S001L1N11129','C',150,'SYSTEM','2021-05-24 17:18:21.890000','Y','SYSTEM','2021-05-24 17:18:21.890000','Y','N',902),(105004,NULL,'KES',NULL,'2021-05-24','Debiting Customer Loa Account with Principal Demand Amount','C','NC',5,'S001L1N15102','D',3000,'SYSTEM','2021-05-24 17:18:21.890000','Y','SYSTEM','2021-05-24 17:18:21.890000','Y','N',903),(105004,NULL,'KES',NULL,'2021-05-24','Crediting Interest Accrual Account','C','NC',6,'S001L1N11130','C',9000,'SYSTEM','2021-05-24 17:18:21.890000','Y','SYSTEM','2021-05-24 17:18:21.890000','Y','N',904),(105004,NULL,'KES',NULL,'2021-05-24','Debiting Customer Loan Account with Interest Demand Amount','C','NC',7,'S001L1N15102','D',9000,'SYSTEM','2021-05-24 17:18:21.890000','Y','SYSTEM','2021-05-24 17:18:21.890000','Y','N',905),(105004,NULL,'KES',NULL,'2021-05-24','Debiting Customer Loan Account with Loan Processing fee','C','NC',8,'S001L1N15102','D',100,'SYSTEM','2021-05-24 17:18:21.890000','Y','SYSTEM','2021-05-24 17:18:21.890000','Y','N',906),(105001,NULL,'KES',NULL,'2021-05-24','Debiting the Repayment Account with the Interest Demand repaid Amount','T','LR',1,'S001L1N11128','D',300,'1','2021-05-24 16:54:15.799000','Y','SYSTEM',NULL,'Y','N',907),(105001,NULL,'KES',NULL,'2021-05-24','Debiting Interest Accrual Account with Interest Amount Repaid','T','LR',2,'S001L1N11130','D',300,'1','2021-05-24 16:54:15.799000','Y','SYSTEM',NULL,'Y','N',908),(105001,NULL,'KES',NULL,'2021-05-24','Crediting Customer Loan Account with Principal Demand Repayment Amount','T','LR',3,'S001L1N11131','C',100,'1','2021-05-24 16:54:15.799000','Y','SYSTEM',NULL,'Y','N',909),(105001,NULL,'KES',NULL,'2021-05-24','Crediting Customer Loan Account with the Interest Demand Repaid Amount','T','LR',4,'S001L1N11131','C',300,'1','2021-05-24 16:54:15.799000','Y','SYSTEM',NULL,'Y','N',910),(105001,NULL,'KES',NULL,'2021-05-24','Crediting Interest Income Account with Interest Amount Repaid','T','LR',5,'S001L1N11129','C',300,'1','2021-05-24 16:54:15.799000','Y','SYSTEM',NULL,'Y','N',911),(105001,NULL,'KES',NULL,'2021-05-24','Debiting the Repayment Account with the Principal Demand Amount','T','LR',6,'S001L1N11128','D',100,'1','2021-05-24 16:54:15.799000','Y','SYSTEM',NULL,'Y','N',912),(105003,NULL,'KES',NULL,'2021-05-24','Crediting Loan Disbursement Table','C','NC',1,'S001L1N11127','C',3000,'SYSTEM','2021-05-24 16:59:52.228000','Y','SYSTEM','2021-05-24 16:59:52.228000','Y','N',913),(105003,NULL,'KES',NULL,'2021-05-24','Crediting the Interest Income Account with Processing Fee','C','NC',2,'S001L1N11129','C',100,'SYSTEM','2021-05-24 16:59:52.228000','Y','SYSTEM','2021-05-24 16:59:52.228000','Y','N',914),(105003,NULL,'KES',NULL,'2021-05-24','Debiting Customer Loan Account with Loan Processing fee','C','NC',3,'S001L1N15101','D',100,'SYSTEM','2021-05-24 16:59:52.228000','Y','SYSTEM','2021-05-24 16:59:52.228000','Y','N',915),(105003,NULL,'KES',NULL,'2021-05-24','Debiting Customer Loa Account with Principal Demand Amount','C','NC',4,'S001L1N15101','D',3000,'SYSTEM','2021-05-24 16:59:52.228000','Y','SYSTEM','2021-05-24 16:59:52.228000','Y','N',916),(105003,NULL,'KES',NULL,'2021-05-24','Crediting Interest Accrual Account','C','NC',5,'S001L1N11130','C',9000,'SYSTEM','2021-05-24 16:59:52.228000','Y','SYSTEM','2021-05-24 16:59:52.228000','Y','N',917),(105003,NULL,'KES',NULL,'2021-05-24','Debiting Customer Loan Account with the Loan Intake Fee','C','NC',6,'S001L1N15101','D',150,'SYSTEM','2021-05-24 16:59:52.228000','Y','SYSTEM','2021-05-24 16:59:52.228000','Y','N',918),(105003,NULL,'KES',NULL,'2021-05-24','Crediting Interest Income Account with Loan Intake fee','C','NC',7,'S001L1N11129','C',150,'SYSTEM','2021-05-24 16:59:52.228000','Y','SYSTEM','2021-05-24 16:59:52.228000','Y','N',919),(105003,NULL,'KES',NULL,'2021-05-24','Debiting Customer Loan Account with Interest Demand Amount','C','NC',8,'S001L1N15101','D',9000,'SYSTEM','2021-05-24 16:59:52.228000','Y','SYSTEM','2021-05-24 16:59:52.228000','Y','N',920),(105004,NULL,'KES',NULL,'2021-05-24','Crediting Loan Disbursement Table','C','NC',1,'S001L1N11127','C',3000,'SYSTEM','2021-05-24 17:18:21.890000','Y','SYSTEM','2021-05-24 17:18:21.890000','Y','N',921),(105004,NULL,'KES',NULL,'2021-05-24','Crediting the Interest Income Account with Processing Fee','C','NC',2,'S001L1N11129','C',100,'SYSTEM','2021-05-24 17:18:21.890000','Y','SYSTEM','2021-05-24 17:18:21.890000','Y','N',922),(105004,NULL,'KES',NULL,'2021-05-24','Debiting Customer Loan Account with the Loan Intake Fee','C','NC',3,'S001L1N15102','D',150,'SYSTEM','2021-05-24 17:18:21.890000','Y','SYSTEM','2021-05-24 17:18:21.890000','Y','N',923),(105004,NULL,'KES',NULL,'2021-05-24','Crediting Interest Income Account with Loan Intake fee','C','NC',4,'S001L1N11129','C',150,'SYSTEM','2021-05-24 17:18:21.890000','Y','SYSTEM','2021-05-24 17:18:21.890000','Y','N',924),(105004,NULL,'KES',NULL,'2021-05-24','Debiting Customer Loa Account with Principal Demand Amount','C','NC',5,'S001L1N15102','D',3000,'SYSTEM','2021-05-24 17:18:21.890000','Y','SYSTEM','2021-05-24 17:18:21.890000','Y','N',925),(105004,NULL,'KES',NULL,'2021-05-24','Crediting Interest Accrual Account','C','NC',6,'S001L1N11130','C',9000,'SYSTEM','2021-05-24 17:18:21.890000','Y','SYSTEM','2021-05-24 17:18:21.890000','Y','N',926),(105004,NULL,'KES',NULL,'2021-05-24','Debiting Customer Loan Account with Interest Demand Amount','C','NC',7,'S001L1N15102','D',9000,'SYSTEM','2021-05-24 17:18:21.890000','Y','SYSTEM','2021-05-24 17:18:21.890000','Y','N',927),(105004,NULL,'KES',NULL,'2021-05-24','Debiting Customer Loan Account with Loan Processing fee','C','NC',8,'S001L1N15102','D',100,'SYSTEM','2021-05-24 17:18:21.890000','Y','SYSTEM','2021-05-24 17:18:21.890000','Y','N',928),(105001,NULL,'KES',NULL,'2021-05-24','Debiting the Repayment Account with the Interest Demand repaid Amount','T','LR',1,'S001L1N11128','D',300,'1','2021-05-24 16:54:15.799000','Y','SYSTEM',NULL,'Y','N',929),(105001,NULL,'KES',NULL,'2021-05-24','Debiting Interest Accrual Account with Interest Amount Repaid','T','LR',2,'S001L1N11130','D',300,'1','2021-05-24 16:54:15.799000','Y','SYSTEM',NULL,'Y','N',930),(105001,NULL,'KES',NULL,'2021-05-24','Crediting Customer Loan Account with Principal Demand Repayment Amount','T','LR',3,'S001L1N11131','C',100,'1','2021-05-24 16:54:15.799000','Y','SYSTEM',NULL,'Y','N',931),(105001,NULL,'KES',NULL,'2021-05-24','Crediting Customer Loan Account with the Interest Demand Repaid Amount','T','LR',4,'S001L1N11131','C',300,'1','2021-05-24 16:54:15.799000','Y','SYSTEM',NULL,'Y','N',932),(105001,NULL,'KES',NULL,'2021-05-24','Crediting Interest Income Account with Interest Amount Repaid','T','LR',5,'S001L1N11129','C',300,'1','2021-05-24 16:54:15.799000','Y','SYSTEM',NULL,'Y','N',933),(105001,NULL,'KES',NULL,'2021-05-24','Debiting the Repayment Account with the Principal Demand Amount','T','LR',6,'S001L1N11128','D',100,'1','2021-05-24 16:54:15.799000','Y','SYSTEM',NULL,'Y','N',934),(105003,NULL,'KES',NULL,'2021-05-24','Crediting Loan Disbursement Table','C','NC',1,'S001L1N11127','C',3000,'SYSTEM','2021-05-24 16:59:52.228000','Y','SYSTEM','2021-05-24 16:59:52.228000','Y','N',935),(105003,NULL,'KES',NULL,'2021-05-24','Crediting the Interest Income Account with Processing Fee','C','NC',2,'S001L1N11129','C',100,'SYSTEM','2021-05-24 16:59:52.228000','Y','SYSTEM','2021-05-24 16:59:52.228000','Y','N',936),(105003,NULL,'KES',NULL,'2021-05-24','Debiting Customer Loan Account with Loan Processing fee','C','NC',3,'S001L1N15101','D',100,'SYSTEM','2021-05-24 16:59:52.228000','Y','SYSTEM','2021-05-24 16:59:52.228000','Y','N',937),(105003,NULL,'KES',NULL,'2021-05-24','Debiting Customer Loa Account with Principal Demand Amount','C','NC',4,'S001L1N15101','D',3000,'SYSTEM','2021-05-24 16:59:52.228000','Y','SYSTEM','2021-05-24 16:59:52.228000','Y','N',938),(105003,NULL,'KES',NULL,'2021-05-24','Crediting Interest Accrual Account','C','NC',5,'S001L1N11130','C',9000,'SYSTEM','2021-05-24 16:59:52.228000','Y','SYSTEM','2021-05-24 16:59:52.228000','Y','N',939),(105003,NULL,'KES',NULL,'2021-05-24','Debiting Customer Loan Account with the Loan Intake Fee','C','NC',6,'S001L1N15101','D',150,'SYSTEM','2021-05-24 16:59:52.228000','Y','SYSTEM','2021-05-24 16:59:52.228000','Y','N',940),(105003,NULL,'KES',NULL,'2021-05-24','Crediting Interest Income Account with Loan Intake fee','C','NC',7,'S001L1N11129','C',150,'SYSTEM','2021-05-24 16:59:52.228000','Y','SYSTEM','2021-05-24 16:59:52.228000','Y','N',941),(105003,NULL,'KES',NULL,'2021-05-24','Debiting Customer Loan Account with Interest Demand Amount','C','NC',8,'S001L1N15101','D',9000,'SYSTEM','2021-05-24 16:59:52.228000','Y','SYSTEM','2021-05-24 16:59:52.228000','Y','N',942),(105004,NULL,'KES',NULL,'2021-05-24','Crediting Loan Disbursement Table','C','NC',1,'S001L1N11127','C',3000,'SYSTEM','2021-05-24 17:18:21.890000','Y','SYSTEM','2021-05-24 17:18:21.890000','Y','N',943),(105004,NULL,'KES',NULL,'2021-05-24','Crediting the Interest Income Account with Processing Fee','C','NC',2,'S001L1N11129','C',100,'SYSTEM','2021-05-24 17:18:21.890000','Y','SYSTEM','2021-05-24 17:18:21.890000','Y','N',944),(105004,NULL,'KES',NULL,'2021-05-24','Debiting Customer Loan Account with the Loan Intake Fee','C','NC',3,'S001L1N15102','D',150,'SYSTEM','2021-05-24 17:18:21.890000','Y','SYSTEM','2021-05-24 17:18:21.890000','Y','N',945),(105004,NULL,'KES',NULL,'2021-05-24','Crediting Interest Income Account with Loan Intake fee','C','NC',4,'S001L1N11129','C',150,'SYSTEM','2021-05-24 17:18:21.890000','Y','SYSTEM','2021-05-24 17:18:21.890000','Y','N',946),(105004,NULL,'KES',NULL,'2021-05-24','Debiting Customer Loa Account with Principal Demand Amount','C','NC',5,'S001L1N15102','D',3000,'SYSTEM','2021-05-24 17:18:21.890000','Y','SYSTEM','2021-05-24 17:18:21.890000','Y','N',947),(105004,NULL,'KES',NULL,'2021-05-24','Crediting Interest Accrual Account','C','NC',6,'S001L1N11130','C',9000,'SYSTEM','2021-05-24 17:18:21.890000','Y','SYSTEM','2021-05-24 17:18:21.890000','Y','N',948),(105004,NULL,'KES',NULL,'2021-05-24','Debiting Customer Loan Account with Interest Demand Amount','C','NC',7,'S001L1N15102','D',9000,'SYSTEM','2021-05-24 17:18:21.890000','Y','SYSTEM','2021-05-24 17:18:21.890000','Y','N',949),(105004,NULL,'KES',NULL,'2021-05-24','Debiting Customer Loan Account with Loan Processing fee','C','NC',8,'S001L1N15102','D',100,'SYSTEM','2021-05-24 17:18:21.890000','Y','SYSTEM','2021-05-24 17:18:21.890000','Y','N',950),(105001,NULL,'KES',NULL,'2021-05-24','Debiting the Repayment Account with the Interest Demand repaid Amount','T','LR',1,'S001L1N11128','D',300,'1','2021-05-24 16:54:15.799000','Y','SYSTEM',NULL,'Y','N',951),(105001,NULL,'KES',NULL,'2021-05-24','Debiting Interest Accrual Account with Interest Amount Repaid','T','LR',2,'S001L1N11130','D',300,'1','2021-05-24 16:54:15.799000','Y','SYSTEM',NULL,'Y','N',952),(105001,NULL,'KES',NULL,'2021-05-24','Crediting Customer Loan Account with Principal Demand Repayment Amount','T','LR',3,'S001L1N11131','C',100,'1','2021-05-24 16:54:15.799000','Y','SYSTEM',NULL,'Y','N',953),(105001,NULL,'KES',NULL,'2021-05-24','Crediting Customer Loan Account with the Interest Demand Repaid Amount','T','LR',4,'S001L1N11131','C',300,'1','2021-05-24 16:54:15.799000','Y','SYSTEM',NULL,'Y','N',954),(105001,NULL,'KES',NULL,'2021-05-24','Crediting Interest Income Account with Interest Amount Repaid','T','LR',5,'S001L1N11129','C',300,'1','2021-05-24 16:54:15.799000','Y','SYSTEM',NULL,'Y','N',955),(105001,NULL,'KES',NULL,'2021-05-24','Debiting the Repayment Account with the Principal Demand Amount','T','LR',6,'S001L1N11128','D',100,'1','2021-05-24 16:54:15.799000','Y','SYSTEM',NULL,'Y','N',956),(105003,NULL,'KES',NULL,'2021-05-24','Crediting Loan Disbursement Table','C','NC',1,'S001L1N11127','C',3000,'SYSTEM','2021-05-24 16:59:52.228000','Y','SYSTEM','2021-05-24 16:59:52.228000','Y','N',957),(105003,NULL,'KES',NULL,'2021-05-24','Crediting the Interest Income Account with Processing Fee','C','NC',2,'S001L1N11129','C',100,'SYSTEM','2021-05-24 16:59:52.228000','Y','SYSTEM','2021-05-24 16:59:52.228000','Y','N',958),(105003,NULL,'KES',NULL,'2021-05-24','Debiting Customer Loan Account with Loan Processing fee','C','NC',3,'S001L1N15101','D',100,'SYSTEM','2021-05-24 16:59:52.228000','Y','SYSTEM','2021-05-24 16:59:52.228000','Y','N',959),(105003,NULL,'KES',NULL,'2021-05-24','Debiting Customer Loa Account with Principal Demand Amount','C','NC',4,'S001L1N15101','D',3000,'SYSTEM','2021-05-24 16:59:52.228000','Y','SYSTEM','2021-05-24 16:59:52.228000','Y','N',960),(105003,NULL,'KES',NULL,'2021-05-24','Crediting Interest Accrual Account','C','NC',5,'S001L1N11130','C',9000,'SYSTEM','2021-05-24 16:59:52.228000','Y','SYSTEM','2021-05-24 16:59:52.228000','Y','N',961),(105003,NULL,'KES',NULL,'2021-05-24','Debiting Customer Loan Account with the Loan Intake Fee','C','NC',6,'S001L1N15101','D',150,'SYSTEM','2021-05-24 16:59:52.228000','Y','SYSTEM','2021-05-24 16:59:52.228000','Y','N',962),(105003,NULL,'KES',NULL,'2021-05-24','Crediting Interest Income Account with Loan Intake fee','C','NC',7,'S001L1N11129','C',150,'SYSTEM','2021-05-24 16:59:52.228000','Y','SYSTEM','2021-05-24 16:59:52.228000','Y','N',963),(105003,NULL,'KES',NULL,'2021-05-24','Debiting Customer Loan Account with Interest Demand Amount','C','NC',8,'S001L1N15101','D',9000,'SYSTEM','2021-05-24 16:59:52.228000','Y','SYSTEM','2021-05-24 16:59:52.228000','Y','N',964),(105004,NULL,'KES',NULL,'2021-05-24','Crediting Loan Disbursement Table','C','NC',1,'S001L1N11127','C',3000,'SYSTEM','2021-05-24 17:18:21.890000','Y','SYSTEM','2021-05-24 17:18:21.890000','Y','N',965),(105004,NULL,'KES',NULL,'2021-05-24','Crediting the Interest Income Account with Processing Fee','C','NC',2,'S001L1N11129','C',100,'SYSTEM','2021-05-24 17:18:21.890000','Y','SYSTEM','2021-05-24 17:18:21.890000','Y','N',966),(105004,NULL,'KES',NULL,'2021-05-24','Debiting Customer Loan Account with the Loan Intake Fee','C','NC',3,'S001L1N15102','D',150,'SYSTEM','2021-05-24 17:18:21.890000','Y','SYSTEM','2021-05-24 17:18:21.890000','Y','N',967),(105004,NULL,'KES',NULL,'2021-05-24','Crediting Interest Income Account with Loan Intake fee','C','NC',4,'S001L1N11129','C',150,'SYSTEM','2021-05-24 17:18:21.890000','Y','SYSTEM','2021-05-24 17:18:21.890000','Y','N',968),(105004,NULL,'KES',NULL,'2021-05-24','Debiting Customer Loa Account with Principal Demand Amount','C','NC',5,'S001L1N15102','D',3000,'SYSTEM','2021-05-24 17:18:21.890000','Y','SYSTEM','2021-05-24 17:18:21.890000','Y','N',969),(105004,NULL,'KES',NULL,'2021-05-24','Crediting Interest Accrual Account','C','NC',6,'S001L1N11130','C',9000,'SYSTEM','2021-05-24 17:18:21.890000','Y','SYSTEM','2021-05-24 17:18:21.890000','Y','N',970),(105004,NULL,'KES',NULL,'2021-05-24','Debiting Customer Loan Account with Interest Demand Amount','C','NC',7,'S001L1N15102','D',9000,'SYSTEM','2021-05-24 17:18:21.890000','Y','SYSTEM','2021-05-24 17:18:21.890000','Y','N',971),(105004,NULL,'KES',NULL,'2021-05-24','Debiting Customer Loan Account with Loan Processing fee','C','NC',8,'S001L1N15102','D',100,'SYSTEM','2021-05-24 17:18:21.890000','Y','SYSTEM','2021-05-24 17:18:21.890000','Y','N',972),(106000,NULL,'KES',NULL,'2021-05-25','Crediting Interest Income Account with Loan Intake fee','C','NC',1,'S001L1N11129','C',150,'SYSTEM','2021-05-25 14:18:19.633000','Y','SYSTEM','2021-05-25 14:18:19.633000','Y','N',973),(106000,NULL,'KES',NULL,'2021-05-25','Debiting Customer Loan Account with Interest Demand Amount','C','NC',2,'S001L1N16102','D',9000,'SYSTEM','2021-05-25 14:18:19.633000','Y','SYSTEM','2021-05-25 14:18:19.633000','Y','N',974),(106000,NULL,'KES',NULL,'2021-05-25','Debiting Customer Loan Account with Loan Processing fee','C','NC',3,'S001L1N16102','D',100,'SYSTEM','2021-05-25 14:18:19.633000','Y','SYSTEM','2021-05-25 14:18:19.633000','Y','N',975),(106000,NULL,'KES',NULL,'2021-05-25','Crediting Loan Disbursement Table','C','NC',4,'S001L1N11127','C',3000,'SYSTEM','2021-05-25 14:18:19.633000','Y','SYSTEM','2021-05-25 14:18:19.633000','Y','N',976),(106000,NULL,'KES',NULL,'2021-05-25','Crediting Interest Accrual Account','C','NC',5,'S001L1N11130','C',9000,'SYSTEM','2021-05-25 14:18:19.633000','Y','SYSTEM','2021-05-25 14:18:19.633000','Y','N',977),(106000,NULL,'KES',NULL,'2021-05-25','Debiting Customer Loan Account with the Loan Intake Fee','C','NC',6,'S001L1N16102','D',150,'SYSTEM','2021-05-25 14:18:19.633000','Y','SYSTEM','2021-05-25 14:18:19.633000','Y','N',978),(106000,NULL,'KES',NULL,'2021-05-25','Debiting Customer Loa Account with Principal Demand Amount','C','NC',7,'S001L1N16102','D',3000,'SYSTEM','2021-05-25 14:18:19.633000','Y','SYSTEM','2021-05-25 14:18:19.633000','Y','N',979),(106000,NULL,'KES',NULL,'2021-05-25','Crediting the Interest Income Account with Processing Fee','C','NC',8,'S001L1N11129','C',100,'SYSTEM','2021-05-25 14:18:19.633000','Y','SYSTEM','2021-05-25 14:18:19.633000','Y','N',980),(105001,NULL,'KES',NULL,'2021-05-24','Debiting the Repayment Account with the Interest Demand repaid Amount','T','LR',1,'S001L1N11128','D',300,'1','2021-05-24 16:54:15.799000','Y','SYSTEM',NULL,'Y','N',981),(105001,NULL,'KES',NULL,'2021-05-24','Debiting Interest Accrual Account with Interest Amount Repaid','T','LR',2,'S001L1N11130','D',300,'1','2021-05-24 16:54:15.799000','Y','SYSTEM',NULL,'Y','N',982),(105001,NULL,'KES',NULL,'2021-05-24','Crediting Customer Loan Account with Principal Demand Repayment Amount','T','LR',3,'S001L1N11131','C',100,'1','2021-05-24 16:54:15.799000','Y','SYSTEM',NULL,'Y','N',983),(105001,NULL,'KES',NULL,'2021-05-24','Crediting Customer Loan Account with the Interest Demand Repaid Amount','T','LR',4,'S001L1N11131','C',300,'1','2021-05-24 16:54:15.799000','Y','SYSTEM',NULL,'Y','N',984),(105001,NULL,'KES',NULL,'2021-05-24','Crediting Interest Income Account with Interest Amount Repaid','T','LR',5,'S001L1N11129','C',300,'1','2021-05-24 16:54:15.799000','Y','SYSTEM',NULL,'Y','N',985),(105001,NULL,'KES',NULL,'2021-05-24','Debiting the Repayment Account with the Principal Demand Amount','T','LR',6,'S001L1N11128','D',100,'1','2021-05-24 16:54:15.799000','Y','SYSTEM',NULL,'Y','N',986),(105003,NULL,'KES',NULL,'2021-05-24','Crediting Loan Disbursement Table','C','NC',1,'S001L1N11127','C',3000,'SYSTEM','2021-05-24 16:59:52.228000','Y','SYSTEM','2021-05-24 16:59:52.228000','Y','N',987),(105003,NULL,'KES',NULL,'2021-05-24','Crediting the Interest Income Account with Processing Fee','C','NC',2,'S001L1N11129','C',100,'SYSTEM','2021-05-24 16:59:52.228000','Y','SYSTEM','2021-05-24 16:59:52.228000','Y','N',988),(105003,NULL,'KES',NULL,'2021-05-24','Debiting Customer Loan Account with Loan Processing fee','C','NC',3,'S001L1N15101','D',100,'SYSTEM','2021-05-24 16:59:52.228000','Y','SYSTEM','2021-05-24 16:59:52.228000','Y','N',989),(105003,NULL,'KES',NULL,'2021-05-24','Debiting Customer Loa Account with Principal Demand Amount','C','NC',4,'S001L1N15101','D',3000,'SYSTEM','2021-05-24 16:59:52.228000','Y','SYSTEM','2021-05-24 16:59:52.228000','Y','N',990),(105003,NULL,'KES',NULL,'2021-05-24','Crediting Interest Accrual Account','C','NC',5,'S001L1N11130','C',9000,'SYSTEM','2021-05-24 16:59:52.228000','Y','SYSTEM','2021-05-24 16:59:52.228000','Y','N',991),(105003,NULL,'KES',NULL,'2021-05-24','Debiting Customer Loan Account with the Loan Intake Fee','C','NC',6,'S001L1N15101','D',150,'SYSTEM','2021-05-24 16:59:52.228000','Y','SYSTEM','2021-05-24 16:59:52.228000','Y','N',992),(105003,NULL,'KES',NULL,'2021-05-24','Crediting Interest Income Account with Loan Intake fee','C','NC',7,'S001L1N11129','C',150,'SYSTEM','2021-05-24 16:59:52.228000','Y','SYSTEM','2021-05-24 16:59:52.228000','Y','N',993),(105003,NULL,'KES',NULL,'2021-05-24','Debiting Customer Loan Account with Interest Demand Amount','C','NC',8,'S001L1N15101','D',9000,'SYSTEM','2021-05-24 16:59:52.228000','Y','SYSTEM','2021-05-24 16:59:52.228000','Y','N',994),(105004,NULL,'KES',NULL,'2021-05-24','Crediting Loan Disbursement Table','C','NC',1,'S001L1N11127','C',3000,'SYSTEM','2021-05-24 17:18:21.890000','Y','SYSTEM','2021-05-24 17:18:21.890000','Y','N',995),(105004,NULL,'KES',NULL,'2021-05-24','Crediting the Interest Income Account with Processing Fee','C','NC',2,'S001L1N11129','C',100,'SYSTEM','2021-05-24 17:18:21.890000','Y','SYSTEM','2021-05-24 17:18:21.890000','Y','N',996),(105004,NULL,'KES',NULL,'2021-05-24','Debiting Customer Loan Account with the Loan Intake Fee','C','NC',3,'S001L1N15102','D',150,'SYSTEM','2021-05-24 17:18:21.890000','Y','SYSTEM','2021-05-24 17:18:21.890000','Y','N',997),(105004,NULL,'KES',NULL,'2021-05-24','Crediting Interest Income Account with Loan Intake fee','C','NC',4,'S001L1N11129','C',150,'SYSTEM','2021-05-24 17:18:21.890000','Y','SYSTEM','2021-05-24 17:18:21.890000','Y','N',998),(105004,NULL,'KES',NULL,'2021-05-24','Debiting Customer Loa Account with Principal Demand Amount','C','NC',5,'S001L1N15102','D',3000,'SYSTEM','2021-05-24 17:18:21.890000','Y','SYSTEM','2021-05-24 17:18:21.890000','Y','N',999),(105004,NULL,'KES',NULL,'2021-05-24','Crediting Interest Accrual Account','C','NC',6,'S001L1N11130','C',9000,'SYSTEM','2021-05-24 17:18:21.890000','Y','SYSTEM','2021-05-24 17:18:21.890000','Y','N',1000),(105004,NULL,'KES',NULL,'2021-05-24','Debiting Customer Loan Account with Interest Demand Amount','C','NC',7,'S001L1N15102','D',9000,'SYSTEM','2021-05-24 17:18:21.890000','Y','SYSTEM','2021-05-24 17:18:21.890000','Y','N',1001),(105004,NULL,'KES',NULL,'2021-05-24','Debiting Customer Loan Account with Loan Processing fee','C','NC',8,'S001L1N15102','D',100,'SYSTEM','2021-05-24 17:18:21.890000','Y','SYSTEM','2021-05-24 17:18:21.890000','Y','N',1002),(106000,NULL,'KES',NULL,'2021-05-25','Crediting Interest Income Account with Loan Intake fee','C','NC',1,'S001L1N11129','C',150,'SYSTEM','2021-05-25 14:18:19.633000','Y','SYSTEM','2021-05-25 14:18:19.633000','Y','N',1003),(106000,NULL,'KES',NULL,'2021-05-25','Debiting Customer Loan Account with Interest Demand Amount','C','NC',2,'S001L1N16102','D',9000,'SYSTEM','2021-05-25 14:18:19.633000','Y','SYSTEM','2021-05-25 14:18:19.633000','Y','N',1004),(106000,NULL,'KES',NULL,'2021-05-25','Debiting Customer Loan Account with Loan Processing fee','C','NC',3,'S001L1N16102','D',100,'SYSTEM','2021-05-25 14:18:19.633000','Y','SYSTEM','2021-05-25 14:18:19.633000','Y','N',1005),(106000,NULL,'KES',NULL,'2021-05-25','Crediting Loan Disbursement Table','C','NC',4,'S001L1N11127','C',3000,'SYSTEM','2021-05-25 14:18:19.633000','Y','SYSTEM','2021-05-25 14:18:19.633000','Y','N',1006),(106000,NULL,'KES',NULL,'2021-05-25','Crediting Interest Accrual Account','C','NC',5,'S001L1N11130','C',9000,'SYSTEM','2021-05-25 14:18:19.633000','Y','SYSTEM','2021-05-25 14:18:19.633000','Y','N',1007),(106000,NULL,'KES',NULL,'2021-05-25','Debiting Customer Loan Account with the Loan Intake Fee','C','NC',6,'S001L1N16102','D',150,'SYSTEM','2021-05-25 14:18:19.633000','Y','SYSTEM','2021-05-25 14:18:19.633000','Y','N',1008),(106000,NULL,'KES',NULL,'2021-05-25','Debiting Customer Loa Account with Principal Demand Amount','C','NC',7,'S001L1N16102','D',3000,'SYSTEM','2021-05-25 14:18:19.633000','Y','SYSTEM','2021-05-25 14:18:19.633000','Y','N',1009),(106000,NULL,'KES',NULL,'2021-05-25','Crediting the Interest Income Account with Processing Fee','C','NC',8,'S001L1N11129','C',100,'SYSTEM','2021-05-25 14:18:19.633000','Y','SYSTEM','2021-05-25 14:18:19.633000','Y','N',1010),(105001,NULL,'KES',NULL,'2021-05-24','Debiting the Repayment Account with the Interest Demand repaid Amount','T','LR',1,'S001L1N11128','D',300,'1','2021-05-24 16:54:15.799000','Y','SYSTEM',NULL,'Y','N',1011),(105001,NULL,'KES',NULL,'2021-05-24','Debiting Interest Accrual Account with Interest Amount Repaid','T','LR',2,'S001L1N11130','D',300,'1','2021-05-24 16:54:15.799000','Y','SYSTEM',NULL,'Y','N',1012),(105001,NULL,'KES',NULL,'2021-05-24','Crediting Customer Loan Account with Principal Demand Repayment Amount','T','LR',3,'S001L1N11131','C',100,'1','2021-05-24 16:54:15.799000','Y','SYSTEM',NULL,'Y','N',1013),(105001,NULL,'KES',NULL,'2021-05-24','Crediting Customer Loan Account with the Interest Demand Repaid Amount','T','LR',4,'S001L1N11131','C',300,'1','2021-05-24 16:54:15.799000','Y','SYSTEM',NULL,'Y','N',1014),(105001,NULL,'KES',NULL,'2021-05-24','Crediting Interest Income Account with Interest Amount Repaid','T','LR',5,'S001L1N11129','C',300,'1','2021-05-24 16:54:15.799000','Y','SYSTEM',NULL,'Y','N',1015),(105001,NULL,'KES',NULL,'2021-05-24','Debiting the Repayment Account with the Principal Demand Amount','T','LR',6,'S001L1N11128','D',100,'1','2021-05-24 16:54:15.799000','Y','SYSTEM',NULL,'Y','N',1016),(105003,NULL,'KES',NULL,'2021-05-24','Crediting Loan Disbursement Table','C','NC',1,'S001L1N11127','C',3000,'SYSTEM','2021-05-24 16:59:52.228000','Y','SYSTEM','2021-05-24 16:59:52.228000','Y','N',1017),(105003,NULL,'KES',NULL,'2021-05-24','Crediting the Interest Income Account with Processing Fee','C','NC',2,'S001L1N11129','C',100,'SYSTEM','2021-05-24 16:59:52.228000','Y','SYSTEM','2021-05-24 16:59:52.228000','Y','N',1018),(105003,NULL,'KES',NULL,'2021-05-24','Debiting Customer Loan Account with Loan Processing fee','C','NC',3,'S001L1N15101','D',100,'SYSTEM','2021-05-24 16:59:52.228000','Y','SYSTEM','2021-05-24 16:59:52.228000','Y','N',1019),(105003,NULL,'KES',NULL,'2021-05-24','Debiting Customer Loa Account with Principal Demand Amount','C','NC',4,'S001L1N15101','D',3000,'SYSTEM','2021-05-24 16:59:52.228000','Y','SYSTEM','2021-05-24 16:59:52.228000','Y','N',1020),(105003,NULL,'KES',NULL,'2021-05-24','Crediting Interest Accrual Account','C','NC',5,'S001L1N11130','C',9000,'SYSTEM','2021-05-24 16:59:52.228000','Y','SYSTEM','2021-05-24 16:59:52.228000','Y','N',1021),(105003,NULL,'KES',NULL,'2021-05-24','Debiting Customer Loan Account with the Loan Intake Fee','C','NC',6,'S001L1N15101','D',150,'SYSTEM','2021-05-24 16:59:52.228000','Y','SYSTEM','2021-05-24 16:59:52.228000','Y','N',1022),(105003,NULL,'KES',NULL,'2021-05-24','Crediting Interest Income Account with Loan Intake fee','C','NC',7,'S001L1N11129','C',150,'SYSTEM','2021-05-24 16:59:52.228000','Y','SYSTEM','2021-05-24 16:59:52.228000','Y','N',1023),(105003,NULL,'KES',NULL,'2021-05-24','Debiting Customer Loan Account with Interest Demand Amount','C','NC',8,'S001L1N15101','D',9000,'SYSTEM','2021-05-24 16:59:52.228000','Y','SYSTEM','2021-05-24 16:59:52.228000','Y','N',1024),(105004,NULL,'KES',NULL,'2021-05-24','Crediting Loan Disbursement Table','C','NC',1,'S001L1N11127','C',3000,'SYSTEM','2021-05-24 17:18:21.890000','Y','SYSTEM','2021-05-24 17:18:21.890000','Y','N',1025),(105004,NULL,'KES',NULL,'2021-05-24','Crediting the Interest Income Account with Processing Fee','C','NC',2,'S001L1N11129','C',100,'SYSTEM','2021-05-24 17:18:21.890000','Y','SYSTEM','2021-05-24 17:18:21.890000','Y','N',1026),(105004,NULL,'KES',NULL,'2021-05-24','Debiting Customer Loan Account with the Loan Intake Fee','C','NC',3,'S001L1N15102','D',150,'SYSTEM','2021-05-24 17:18:21.890000','Y','SYSTEM','2021-05-24 17:18:21.890000','Y','N',1027),(105004,NULL,'KES',NULL,'2021-05-24','Crediting Interest Income Account with Loan Intake fee','C','NC',4,'S001L1N11129','C',150,'SYSTEM','2021-05-24 17:18:21.890000','Y','SYSTEM','2021-05-24 17:18:21.890000','Y','N',1028),(105004,NULL,'KES',NULL,'2021-05-24','Debiting Customer Loa Account with Principal Demand Amount','C','NC',5,'S001L1N15102','D',3000,'SYSTEM','2021-05-24 17:18:21.890000','Y','SYSTEM','2021-05-24 17:18:21.890000','Y','N',1029),(105004,NULL,'KES',NULL,'2021-05-24','Crediting Interest Accrual Account','C','NC',6,'S001L1N11130','C',9000,'SYSTEM','2021-05-24 17:18:21.890000','Y','SYSTEM','2021-05-24 17:18:21.890000','Y','N',1030),(105004,NULL,'KES',NULL,'2021-05-24','Debiting Customer Loan Account with Interest Demand Amount','C','NC',7,'S001L1N15102','D',9000,'SYSTEM','2021-05-24 17:18:21.890000','Y','SYSTEM','2021-05-24 17:18:21.890000','Y','N',1031),(105004,NULL,'KES',NULL,'2021-05-24','Debiting Customer Loan Account with Loan Processing fee','C','NC',8,'S001L1N15102','D',100,'SYSTEM','2021-05-24 17:18:21.890000','Y','SYSTEM','2021-05-24 17:18:21.890000','Y','N',1032),(106000,NULL,'KES',NULL,'2021-05-25','Crediting Interest Income Account with Loan Intake fee','C','NC',1,'S001L1N11129','C',150,'SYSTEM','2021-05-25 14:18:19.633000','Y','SYSTEM','2021-05-25 14:18:19.633000','Y','N',1033),(106000,NULL,'KES',NULL,'2021-05-25','Debiting Customer Loan Account with Interest Demand Amount','C','NC',2,'S001L1N16102','D',9000,'SYSTEM','2021-05-25 14:18:19.633000','Y','SYSTEM','2021-05-25 14:18:19.633000','Y','N',1034),(106000,NULL,'KES',NULL,'2021-05-25','Debiting Customer Loan Account with Loan Processing fee','C','NC',3,'S001L1N16102','D',100,'SYSTEM','2021-05-25 14:18:19.633000','Y','SYSTEM','2021-05-25 14:18:19.633000','Y','N',1035),(106000,NULL,'KES',NULL,'2021-05-25','Crediting Loan Disbursement Table','C','NC',4,'S001L1N11127','C',3000,'SYSTEM','2021-05-25 14:18:19.633000','Y','SYSTEM','2021-05-25 14:18:19.633000','Y','N',1036),(106000,NULL,'KES',NULL,'2021-05-25','Crediting Interest Accrual Account','C','NC',5,'S001L1N11130','C',9000,'SYSTEM','2021-05-25 14:18:19.633000','Y','SYSTEM','2021-05-25 14:18:19.633000','Y','N',1037),(106000,NULL,'KES',NULL,'2021-05-25','Debiting Customer Loan Account with the Loan Intake Fee','C','NC',6,'S001L1N16102','D',150,'SYSTEM','2021-05-25 14:18:19.633000','Y','SYSTEM','2021-05-25 14:18:19.633000','Y','N',1038),(106000,NULL,'KES',NULL,'2021-05-25','Debiting Customer Loa Account with Principal Demand Amount','C','NC',7,'S001L1N16102','D',3000,'SYSTEM','2021-05-25 14:18:19.633000','Y','SYSTEM','2021-05-25 14:18:19.633000','Y','N',1039),(106000,NULL,'KES',NULL,'2021-05-25','Crediting the Interest Income Account with Processing Fee','C','NC',8,'S001L1N11129','C',100,'SYSTEM','2021-05-25 14:18:19.633000','Y','SYSTEM','2021-05-25 14:18:19.633000','Y','N',1040),(105001,NULL,'KES',NULL,'2021-05-24','Debiting the Repayment Account with the Interest Demand repaid Amount','T','LR',1,'S001L1N11128','D',300,'1','2021-05-24 16:54:15.799000','Y','SYSTEM',NULL,'Y','N',1041),(105001,NULL,'KES',NULL,'2021-05-24','Debiting Interest Accrual Account with Interest Amount Repaid','T','LR',2,'S001L1N11130','D',300,'1','2021-05-24 16:54:15.799000','Y','SYSTEM',NULL,'Y','N',1042),(105001,NULL,'KES',NULL,'2021-05-24','Crediting Customer Loan Account with Principal Demand Repayment Amount','T','LR',3,'S001L1N11131','C',100,'1','2021-05-24 16:54:15.799000','Y','SYSTEM',NULL,'Y','N',1043),(105001,NULL,'KES',NULL,'2021-05-24','Crediting Customer Loan Account with the Interest Demand Repaid Amount','T','LR',4,'S001L1N11131','C',300,'1','2021-05-24 16:54:15.799000','Y','SYSTEM',NULL,'Y','N',1044),(105001,NULL,'KES',NULL,'2021-05-24','Crediting Interest Income Account with Interest Amount Repaid','T','LR',5,'S001L1N11129','C',300,'1','2021-05-24 16:54:15.799000','Y','SYSTEM',NULL,'Y','N',1045),(105001,NULL,'KES',NULL,'2021-05-24','Debiting the Repayment Account with the Principal Demand Amount','T','LR',6,'S001L1N11128','D',100,'1','2021-05-24 16:54:15.799000','Y','SYSTEM',NULL,'Y','N',1046),(105003,NULL,'KES',NULL,'2021-05-24','Crediting Loan Disbursement Table','C','NC',1,'S001L1N11127','C',3000,'SYSTEM','2021-05-24 16:59:52.228000','Y','SYSTEM','2021-05-24 16:59:52.228000','Y','N',1047),(105003,NULL,'KES',NULL,'2021-05-24','Crediting the Interest Income Account with Processing Fee','C','NC',2,'S001L1N11129','C',100,'SYSTEM','2021-05-24 16:59:52.228000','Y','SYSTEM','2021-05-24 16:59:52.228000','Y','N',1048),(105003,NULL,'KES',NULL,'2021-05-24','Debiting Customer Loan Account with Loan Processing fee','C','NC',3,'S001L1N15101','D',100,'SYSTEM','2021-05-24 16:59:52.228000','Y','SYSTEM','2021-05-24 16:59:52.228000','Y','N',1049),(105003,NULL,'KES',NULL,'2021-05-24','Debiting Customer Loa Account with Principal Demand Amount','C','NC',4,'S001L1N15101','D',3000,'SYSTEM','2021-05-24 16:59:52.228000','Y','SYSTEM','2021-05-24 16:59:52.228000','Y','N',1050),(105003,NULL,'KES',NULL,'2021-05-24','Crediting Interest Accrual Account','C','NC',5,'S001L1N11130','C',9000,'SYSTEM','2021-05-24 16:59:52.228000','Y','SYSTEM','2021-05-24 16:59:52.228000','Y','N',1051),(105003,NULL,'KES',NULL,'2021-05-24','Debiting Customer Loan Account with the Loan Intake Fee','C','NC',6,'S001L1N15101','D',150,'SYSTEM','2021-05-24 16:59:52.228000','Y','SYSTEM','2021-05-24 16:59:52.228000','Y','N',1052),(105003,NULL,'KES',NULL,'2021-05-24','Crediting Interest Income Account with Loan Intake fee','C','NC',7,'S001L1N11129','C',150,'SYSTEM','2021-05-24 16:59:52.228000','Y','SYSTEM','2021-05-24 16:59:52.228000','Y','N',1053),(105003,NULL,'KES',NULL,'2021-05-24','Debiting Customer Loan Account with Interest Demand Amount','C','NC',8,'S001L1N15101','D',9000,'SYSTEM','2021-05-24 16:59:52.228000','Y','SYSTEM','2021-05-24 16:59:52.228000','Y','N',1054),(105004,NULL,'KES',NULL,'2021-05-24','Crediting Loan Disbursement Table','C','NC',1,'S001L1N11127','C',3000,'SYSTEM','2021-05-24 17:18:21.890000','Y','SYSTEM','2021-05-24 17:18:21.890000','Y','N',1055),(105004,NULL,'KES',NULL,'2021-05-24','Crediting the Interest Income Account with Processing Fee','C','NC',2,'S001L1N11129','C',100,'SYSTEM','2021-05-24 17:18:21.890000','Y','SYSTEM','2021-05-24 17:18:21.890000','Y','N',1056),(105004,NULL,'KES',NULL,'2021-05-24','Debiting Customer Loan Account with the Loan Intake Fee','C','NC',3,'S001L1N15102','D',150,'SYSTEM','2021-05-24 17:18:21.890000','Y','SYSTEM','2021-05-24 17:18:21.890000','Y','N',1057),(105004,NULL,'KES',NULL,'2021-05-24','Crediting Interest Income Account with Loan Intake fee','C','NC',4,'S001L1N11129','C',150,'SYSTEM','2021-05-24 17:18:21.890000','Y','SYSTEM','2021-05-24 17:18:21.890000','Y','N',1058),(105004,NULL,'KES',NULL,'2021-05-24','Debiting Customer Loa Account with Principal Demand Amount','C','NC',5,'S001L1N15102','D',3000,'SYSTEM','2021-05-24 17:18:21.890000','Y','SYSTEM','2021-05-24 17:18:21.890000','Y','N',1059),(105004,NULL,'KES',NULL,'2021-05-24','Crediting Interest Accrual Account','C','NC',6,'S001L1N11130','C',9000,'SYSTEM','2021-05-24 17:18:21.890000','Y','SYSTEM','2021-05-24 17:18:21.890000','Y','N',1060),(105004,NULL,'KES',NULL,'2021-05-24','Debiting Customer Loan Account with Interest Demand Amount','C','NC',7,'S001L1N15102','D',9000,'SYSTEM','2021-05-24 17:18:21.890000','Y','SYSTEM','2021-05-24 17:18:21.890000','Y','N',1061),(105004,NULL,'KES',NULL,'2021-05-24','Debiting Customer Loan Account with Loan Processing fee','C','NC',8,'S001L1N15102','D',100,'SYSTEM','2021-05-24 17:18:21.890000','Y','SYSTEM','2021-05-24 17:18:21.890000','Y','N',1062),(106000,NULL,'KES',NULL,'2021-05-25','Crediting Interest Income Account with Loan Intake fee','C','NC',1,'S001L1N11129','C',150,'SYSTEM','2021-05-25 14:18:19.633000','Y','SYSTEM','2021-05-25 14:18:19.633000','Y','N',1063),(106000,NULL,'KES',NULL,'2021-05-25','Debiting Customer Loan Account with Interest Demand Amount','C','NC',2,'S001L1N16102','D',9000,'SYSTEM','2021-05-25 14:18:19.633000','Y','SYSTEM','2021-05-25 14:18:19.633000','Y','N',1064),(106000,NULL,'KES',NULL,'2021-05-25','Debiting Customer Loan Account with Loan Processing fee','C','NC',3,'S001L1N16102','D',100,'SYSTEM','2021-05-25 14:18:19.633000','Y','SYSTEM','2021-05-25 14:18:19.633000','Y','N',1065),(106000,NULL,'KES',NULL,'2021-05-25','Crediting Loan Disbursement Table','C','NC',4,'S001L1N11127','C',3000,'SYSTEM','2021-05-25 14:18:19.633000','Y','SYSTEM','2021-05-25 14:18:19.633000','Y','N',1066),(106000,NULL,'KES',NULL,'2021-05-25','Crediting Interest Accrual Account','C','NC',5,'S001L1N11130','C',9000,'SYSTEM','2021-05-25 14:18:19.633000','Y','SYSTEM','2021-05-25 14:18:19.633000','Y','N',1067),(106000,NULL,'KES',NULL,'2021-05-25','Debiting Customer Loan Account with the Loan Intake Fee','C','NC',6,'S001L1N16102','D',150,'SYSTEM','2021-05-25 14:18:19.633000','Y','SYSTEM','2021-05-25 14:18:19.633000','Y','N',1068),(106000,NULL,'KES',NULL,'2021-05-25','Debiting Customer Loa Account with Principal Demand Amount','C','NC',7,'S001L1N16102','D',3000,'SYSTEM','2021-05-25 14:18:19.633000','Y','SYSTEM','2021-05-25 14:18:19.633000','Y','N',1069),(106000,NULL,'KES',NULL,'2021-05-25','Crediting the Interest Income Account with Processing Fee','C','NC',8,'S001L1N11129','C',100,'SYSTEM','2021-05-25 14:18:19.633000','Y','SYSTEM','2021-05-25 14:18:19.633000','Y','N',1070),(105001,NULL,'KES',NULL,'2021-05-24','Debiting the Repayment Account with the Interest Demand repaid Amount','T','LR',1,'S001L1N11128','D',300,'1','2021-05-24 16:54:15.799000','Y','SYSTEM',NULL,'Y','N',1071),(105001,NULL,'KES',NULL,'2021-05-24','Debiting Interest Accrual Account with Interest Amount Repaid','T','LR',2,'S001L1N11130','D',300,'1','2021-05-24 16:54:15.799000','Y','SYSTEM',NULL,'Y','N',1072),(105001,NULL,'KES',NULL,'2021-05-24','Crediting Customer Loan Account with Principal Demand Repayment Amount','T','LR',3,'S001L1N11131','C',100,'1','2021-05-24 16:54:15.799000','Y','SYSTEM',NULL,'Y','N',1073),(105001,NULL,'KES',NULL,'2021-05-24','Crediting Customer Loan Account with the Interest Demand Repaid Amount','T','LR',4,'S001L1N11131','C',300,'1','2021-05-24 16:54:15.799000','Y','SYSTEM',NULL,'Y','N',1074),(105001,NULL,'KES',NULL,'2021-05-24','Crediting Interest Income Account with Interest Amount Repaid','T','LR',5,'S001L1N11129','C',300,'1','2021-05-24 16:54:15.799000','Y','SYSTEM',NULL,'Y','N',1075),(105001,NULL,'KES',NULL,'2021-05-24','Debiting the Repayment Account with the Principal Demand Amount','T','LR',6,'S001L1N11128','D',100,'1','2021-05-24 16:54:15.799000','Y','SYSTEM',NULL,'Y','N',1076),(105003,NULL,'KES',NULL,'2021-05-24','Crediting Loan Disbursement Table','C','NC',1,'S001L1N11127','C',3000,'SYSTEM','2021-05-24 16:59:52.228000','Y','SYSTEM','2021-05-24 16:59:52.228000','Y','N',1077),(105003,NULL,'KES',NULL,'2021-05-24','Crediting the Interest Income Account with Processing Fee','C','NC',2,'S001L1N11129','C',100,'SYSTEM','2021-05-24 16:59:52.228000','Y','SYSTEM','2021-05-24 16:59:52.228000','Y','N',1078),(105003,NULL,'KES',NULL,'2021-05-24','Debiting Customer Loan Account with Loan Processing fee','C','NC',3,'S001L1N15101','D',100,'SYSTEM','2021-05-24 16:59:52.228000','Y','SYSTEM','2021-05-24 16:59:52.228000','Y','N',1079),(105003,NULL,'KES',NULL,'2021-05-24','Debiting Customer Loa Account with Principal Demand Amount','C','NC',4,'S001L1N15101','D',3000,'SYSTEM','2021-05-24 16:59:52.228000','Y','SYSTEM','2021-05-24 16:59:52.228000','Y','N',1080),(105003,NULL,'KES',NULL,'2021-05-24','Crediting Interest Accrual Account','C','NC',5,'S001L1N11130','C',9000,'SYSTEM','2021-05-24 16:59:52.228000','Y','SYSTEM','2021-05-24 16:59:52.228000','Y','N',1081),(105003,NULL,'KES',NULL,'2021-05-24','Debiting Customer Loan Account with the Loan Intake Fee','C','NC',6,'S001L1N15101','D',150,'SYSTEM','2021-05-24 16:59:52.228000','Y','SYSTEM','2021-05-24 16:59:52.228000','Y','N',1082),(105003,NULL,'KES',NULL,'2021-05-24','Crediting Interest Income Account with Loan Intake fee','C','NC',7,'S001L1N11129','C',150,'SYSTEM','2021-05-24 16:59:52.228000','Y','SYSTEM','2021-05-24 16:59:52.228000','Y','N',1083),(105003,NULL,'KES',NULL,'2021-05-24','Debiting Customer Loan Account with Interest Demand Amount','C','NC',8,'S001L1N15101','D',9000,'SYSTEM','2021-05-24 16:59:52.228000','Y','SYSTEM','2021-05-24 16:59:52.228000','Y','N',1084),(105004,NULL,'KES',NULL,'2021-05-24','Crediting Loan Disbursement Table','C','NC',1,'S001L1N11127','C',3000,'SYSTEM','2021-05-24 17:18:21.890000','Y','SYSTEM','2021-05-24 17:18:21.890000','Y','N',1085),(105004,NULL,'KES',NULL,'2021-05-24','Crediting the Interest Income Account with Processing Fee','C','NC',2,'S001L1N11129','C',100,'SYSTEM','2021-05-24 17:18:21.890000','Y','SYSTEM','2021-05-24 17:18:21.890000','Y','N',1086),(105004,NULL,'KES',NULL,'2021-05-24','Debiting Customer Loan Account with the Loan Intake Fee','C','NC',3,'S001L1N15102','D',150,'SYSTEM','2021-05-24 17:18:21.890000','Y','SYSTEM','2021-05-24 17:18:21.890000','Y','N',1087),(105004,NULL,'KES',NULL,'2021-05-24','Crediting Interest Income Account with Loan Intake fee','C','NC',4,'S001L1N11129','C',150,'SYSTEM','2021-05-24 17:18:21.890000','Y','SYSTEM','2021-05-24 17:18:21.890000','Y','N',1088),(105004,NULL,'KES',NULL,'2021-05-24','Debiting Customer Loa Account with Principal Demand Amount','C','NC',5,'S001L1N15102','D',3000,'SYSTEM','2021-05-24 17:18:21.890000','Y','SYSTEM','2021-05-24 17:18:21.890000','Y','N',1089),(105004,NULL,'KES',NULL,'2021-05-24','Crediting Interest Accrual Account','C','NC',6,'S001L1N11130','C',9000,'SYSTEM','2021-05-24 17:18:21.890000','Y','SYSTEM','2021-05-24 17:18:21.890000','Y','N',1090),(105004,NULL,'KES',NULL,'2021-05-24','Debiting Customer Loan Account with Interest Demand Amount','C','NC',7,'S001L1N15102','D',9000,'SYSTEM','2021-05-24 17:18:21.890000','Y','SYSTEM','2021-05-24 17:18:21.890000','Y','N',1091),(105004,NULL,'KES',NULL,'2021-05-24','Debiting Customer Loan Account with Loan Processing fee','C','NC',8,'S001L1N15102','D',100,'SYSTEM','2021-05-24 17:18:21.890000','Y','SYSTEM','2021-05-24 17:18:21.890000','Y','N',1092),(106000,NULL,'KES',NULL,'2021-05-25','Crediting Interest Income Account with Loan Intake fee','C','NC',1,'S001L1N11129','C',150,'SYSTEM','2021-05-25 14:18:19.633000','Y','SYSTEM','2021-05-25 14:18:19.633000','Y','N',1093),(106000,NULL,'KES',NULL,'2021-05-25','Debiting Customer Loan Account with Interest Demand Amount','C','NC',2,'S001L1N16102','D',9000,'SYSTEM','2021-05-25 14:18:19.633000','Y','SYSTEM','2021-05-25 14:18:19.633000','Y','N',1094),(106000,NULL,'KES',NULL,'2021-05-25','Debiting Customer Loan Account with Loan Processing fee','C','NC',3,'S001L1N16102','D',100,'SYSTEM','2021-05-25 14:18:19.633000','Y','SYSTEM','2021-05-25 14:18:19.633000','Y','N',1095),(106000,NULL,'KES',NULL,'2021-05-25','Crediting Loan Disbursement Table','C','NC',4,'S001L1N11127','C',3000,'SYSTEM','2021-05-25 14:18:19.633000','Y','SYSTEM','2021-05-25 14:18:19.633000','Y','N',1096),(106000,NULL,'KES',NULL,'2021-05-25','Crediting Interest Accrual Account','C','NC',5,'S001L1N11130','C',9000,'SYSTEM','2021-05-25 14:18:19.633000','Y','SYSTEM','2021-05-25 14:18:19.633000','Y','N',1097),(106000,NULL,'KES',NULL,'2021-05-25','Debiting Customer Loan Account with the Loan Intake Fee','C','NC',6,'S001L1N16102','D',150,'SYSTEM','2021-05-25 14:18:19.633000','Y','SYSTEM','2021-05-25 14:18:19.633000','Y','N',1098),(106000,NULL,'KES',NULL,'2021-05-25','Debiting Customer Loa Account with Principal Demand Amount','C','NC',7,'S001L1N16102','D',3000,'SYSTEM','2021-05-25 14:18:19.633000','Y','SYSTEM','2021-05-25 14:18:19.633000','Y','N',1099),(106000,NULL,'KES',NULL,'2021-05-25','Crediting the Interest Income Account with Processing Fee','C','NC',8,'S001L1N11129','C',100,'SYSTEM','2021-05-25 14:18:19.633000','Y','SYSTEM','2021-05-25 14:18:19.633000','Y','N',1100),(105001,NULL,'KES',NULL,'2021-05-24','Debiting the Repayment Account with the Interest Demand repaid Amount','T','LR',1,'S001L1N11128','D',300,'1','2021-05-24 16:54:15.799000','Y','SYSTEM',NULL,'Y','N',1101),(105001,NULL,'KES',NULL,'2021-05-24','Debiting Interest Accrual Account with Interest Amount Repaid','T','LR',2,'S001L1N11130','D',300,'1','2021-05-24 16:54:15.799000','Y','SYSTEM',NULL,'Y','N',1102),(105001,NULL,'KES',NULL,'2021-05-24','Crediting Customer Loan Account with Principal Demand Repayment Amount','T','LR',3,'S001L1N11131','C',100,'1','2021-05-24 16:54:15.799000','Y','SYSTEM',NULL,'Y','N',1103),(105001,NULL,'KES',NULL,'2021-05-24','Crediting Customer Loan Account with the Interest Demand Repaid Amount','T','LR',4,'S001L1N11131','C',300,'1','2021-05-24 16:54:15.799000','Y','SYSTEM',NULL,'Y','N',1104),(105001,NULL,'KES',NULL,'2021-05-24','Crediting Interest Income Account with Interest Amount Repaid','T','LR',5,'S001L1N11129','C',300,'1','2021-05-24 16:54:15.799000','Y','SYSTEM',NULL,'Y','N',1105),(105001,NULL,'KES',NULL,'2021-05-24','Debiting the Repayment Account with the Principal Demand Amount','T','LR',6,'S001L1N11128','D',100,'1','2021-05-24 16:54:15.799000','Y','SYSTEM',NULL,'Y','N',1106),(105003,NULL,'KES',NULL,'2021-05-24','Crediting Loan Disbursement Table','C','NC',1,'S001L1N11127','C',3000,'SYSTEM','2021-05-24 16:59:52.228000','Y','SYSTEM','2021-05-24 16:59:52.228000','Y','N',1107),(105003,NULL,'KES',NULL,'2021-05-24','Crediting the Interest Income Account with Processing Fee','C','NC',2,'S001L1N11129','C',100,'SYSTEM','2021-05-24 16:59:52.228000','Y','SYSTEM','2021-05-24 16:59:52.228000','Y','N',1108),(105003,NULL,'KES',NULL,'2021-05-24','Debiting Customer Loan Account with Loan Processing fee','C','NC',3,'S001L1N15101','D',100,'SYSTEM','2021-05-24 16:59:52.228000','Y','SYSTEM','2021-05-24 16:59:52.228000','Y','N',1109),(105003,NULL,'KES',NULL,'2021-05-24','Debiting Customer Loa Account with Principal Demand Amount','C','NC',4,'S001L1N15101','D',3000,'SYSTEM','2021-05-24 16:59:52.228000','Y','SYSTEM','2021-05-24 16:59:52.228000','Y','N',1110),(105003,NULL,'KES',NULL,'2021-05-24','Crediting Interest Accrual Account','C','NC',5,'S001L1N11130','C',9000,'SYSTEM','2021-05-24 16:59:52.228000','Y','SYSTEM','2021-05-24 16:59:52.228000','Y','N',1111),(105003,NULL,'KES',NULL,'2021-05-24','Debiting Customer Loan Account with the Loan Intake Fee','C','NC',6,'S001L1N15101','D',150,'SYSTEM','2021-05-24 16:59:52.228000','Y','SYSTEM','2021-05-24 16:59:52.228000','Y','N',1112),(105003,NULL,'KES',NULL,'2021-05-24','Crediting Interest Income Account with Loan Intake fee','C','NC',7,'S001L1N11129','C',150,'SYSTEM','2021-05-24 16:59:52.228000','Y','SYSTEM','2021-05-24 16:59:52.228000','Y','N',1113),(105003,NULL,'KES',NULL,'2021-05-24','Debiting Customer Loan Account with Interest Demand Amount','C','NC',8,'S001L1N15101','D',9000,'SYSTEM','2021-05-24 16:59:52.228000','Y','SYSTEM','2021-05-24 16:59:52.228000','Y','N',1114),(105004,NULL,'KES',NULL,'2021-05-24','Crediting Loan Disbursement Table','C','NC',1,'S001L1N11127','C',3000,'SYSTEM','2021-05-24 17:18:21.890000','Y','SYSTEM','2021-05-24 17:18:21.890000','Y','N',1115),(105004,NULL,'KES',NULL,'2021-05-24','Crediting the Interest Income Account with Processing Fee','C','NC',2,'S001L1N11129','C',100,'SYSTEM','2021-05-24 17:18:21.890000','Y','SYSTEM','2021-05-24 17:18:21.890000','Y','N',1116),(105004,NULL,'KES',NULL,'2021-05-24','Debiting Customer Loan Account with the Loan Intake Fee','C','NC',3,'S001L1N15102','D',150,'SYSTEM','2021-05-24 17:18:21.890000','Y','SYSTEM','2021-05-24 17:18:21.890000','Y','N',1117),(105004,NULL,'KES',NULL,'2021-05-24','Crediting Interest Income Account with Loan Intake fee','C','NC',4,'S001L1N11129','C',150,'SYSTEM','2021-05-24 17:18:21.890000','Y','SYSTEM','2021-05-24 17:18:21.890000','Y','N',1118),(105004,NULL,'KES',NULL,'2021-05-24','Debiting Customer Loa Account with Principal Demand Amount','C','NC',5,'S001L1N15102','D',3000,'SYSTEM','2021-05-24 17:18:21.890000','Y','SYSTEM','2021-05-24 17:18:21.890000','Y','N',1119),(105004,NULL,'KES',NULL,'2021-05-24','Crediting Interest Accrual Account','C','NC',6,'S001L1N11130','C',9000,'SYSTEM','2021-05-24 17:18:21.890000','Y','SYSTEM','2021-05-24 17:18:21.890000','Y','N',1120),(105004,NULL,'KES',NULL,'2021-05-24','Debiting Customer Loan Account with Interest Demand Amount','C','NC',7,'S001L1N15102','D',9000,'SYSTEM','2021-05-24 17:18:21.890000','Y','SYSTEM','2021-05-24 17:18:21.890000','Y','N',1121),(105004,NULL,'KES',NULL,'2021-05-24','Debiting Customer Loan Account with Loan Processing fee','C','NC',8,'S001L1N15102','D',100,'SYSTEM','2021-05-24 17:18:21.890000','Y','SYSTEM','2021-05-24 17:18:21.890000','Y','N',1122),(106000,NULL,'KES',NULL,'2021-05-25','Crediting Interest Income Account with Loan Intake fee','C','NC',1,'S001L1N11129','C',150,'SYSTEM','2021-05-25 14:18:19.633000','Y','SYSTEM','2021-05-25 14:18:19.633000','Y','N',1123),(106000,NULL,'KES',NULL,'2021-05-25','Debiting Customer Loan Account with Interest Demand Amount','C','NC',2,'S001L1N16102','D',9000,'SYSTEM','2021-05-25 14:18:19.633000','Y','SYSTEM','2021-05-25 14:18:19.633000','Y','N',1124),(106000,NULL,'KES',NULL,'2021-05-25','Debiting Customer Loan Account with Loan Processing fee','C','NC',3,'S001L1N16102','D',100,'SYSTEM','2021-05-25 14:18:19.633000','Y','SYSTEM','2021-05-25 14:18:19.633000','Y','N',1125),(106000,NULL,'KES',NULL,'2021-05-25','Crediting Loan Disbursement Table','C','NC',4,'S001L1N11127','C',3000,'SYSTEM','2021-05-25 14:18:19.633000','Y','SYSTEM','2021-05-25 14:18:19.633000','Y','N',1126),(106000,NULL,'KES',NULL,'2021-05-25','Crediting Interest Accrual Account','C','NC',5,'S001L1N11130','C',9000,'SYSTEM','2021-05-25 14:18:19.633000','Y','SYSTEM','2021-05-25 14:18:19.633000','Y','N',1127),(106000,NULL,'KES',NULL,'2021-05-25','Debiting Customer Loan Account with the Loan Intake Fee','C','NC',6,'S001L1N16102','D',150,'SYSTEM','2021-05-25 14:18:19.633000','Y','SYSTEM','2021-05-25 14:18:19.633000','Y','N',1128),(106000,NULL,'KES',NULL,'2021-05-25','Debiting Customer Loa Account with Principal Demand Amount','C','NC',7,'S001L1N16102','D',3000,'SYSTEM','2021-05-25 14:18:19.633000','Y','SYSTEM','2021-05-25 14:18:19.633000','Y','N',1129),(106000,NULL,'KES',NULL,'2021-05-25','Crediting the Interest Income Account with Processing Fee','C','NC',8,'S001L1N11129','C',100,'SYSTEM','2021-05-25 14:18:19.633000','Y','SYSTEM','2021-05-25 14:18:19.633000','Y','N',1130),(105001,NULL,'KES',NULL,'2021-05-24','Debiting the Repayment Account with the Interest Demand repaid Amount','T','LR',1,'S001L1N11128','D',300,'1','2021-05-24 16:54:15.799000','Y','SYSTEM',NULL,'Y','N',1131),(105001,NULL,'KES',NULL,'2021-05-24','Debiting Interest Accrual Account with Interest Amount Repaid','T','LR',2,'S001L1N11130','D',300,'1','2021-05-24 16:54:15.799000','Y','SYSTEM',NULL,'Y','N',1132),(105001,NULL,'KES',NULL,'2021-05-24','Crediting Customer Loan Account with Principal Demand Repayment Amount','T','LR',3,'S001L1N11131','C',100,'1','2021-05-24 16:54:15.799000','Y','SYSTEM',NULL,'Y','N',1133),(105001,NULL,'KES',NULL,'2021-05-24','Crediting Customer Loan Account with the Interest Demand Repaid Amount','T','LR',4,'S001L1N11131','C',300,'1','2021-05-24 16:54:15.799000','Y','SYSTEM',NULL,'Y','N',1134),(105001,NULL,'KES',NULL,'2021-05-24','Crediting Interest Income Account with Interest Amount Repaid','T','LR',5,'S001L1N11129','C',300,'1','2021-05-24 16:54:15.799000','Y','SYSTEM',NULL,'Y','N',1135),(105001,NULL,'KES',NULL,'2021-05-24','Debiting the Repayment Account with the Principal Demand Amount','T','LR',6,'S001L1N11128','D',100,'1','2021-05-24 16:54:15.799000','Y','SYSTEM',NULL,'Y','N',1136),(105003,NULL,'KES',NULL,'2021-05-24','Crediting Loan Disbursement Table','C','NC',1,'S001L1N11127','C',3000,'SYSTEM','2021-05-24 16:59:52.228000','Y','SYSTEM','2021-05-24 16:59:52.228000','Y','N',1137),(105003,NULL,'KES',NULL,'2021-05-24','Crediting the Interest Income Account with Processing Fee','C','NC',2,'S001L1N11129','C',100,'SYSTEM','2021-05-24 16:59:52.228000','Y','SYSTEM','2021-05-24 16:59:52.228000','Y','N',1138),(105003,NULL,'KES',NULL,'2021-05-24','Debiting Customer Loan Account with Loan Processing fee','C','NC',3,'S001L1N15101','D',100,'SYSTEM','2021-05-24 16:59:52.228000','Y','SYSTEM','2021-05-24 16:59:52.228000','Y','N',1139),(105003,NULL,'KES',NULL,'2021-05-24','Debiting Customer Loa Account with Principal Demand Amount','C','NC',4,'S001L1N15101','D',3000,'SYSTEM','2021-05-24 16:59:52.228000','Y','SYSTEM','2021-05-24 16:59:52.228000','Y','N',1140),(105003,NULL,'KES',NULL,'2021-05-24','Crediting Interest Accrual Account','C','NC',5,'S001L1N11130','C',9000,'SYSTEM','2021-05-24 16:59:52.228000','Y','SYSTEM','2021-05-24 16:59:52.228000','Y','N',1141),(105003,NULL,'KES',NULL,'2021-05-24','Debiting Customer Loan Account with the Loan Intake Fee','C','NC',6,'S001L1N15101','D',150,'SYSTEM','2021-05-24 16:59:52.228000','Y','SYSTEM','2021-05-24 16:59:52.228000','Y','N',1142),(105003,NULL,'KES',NULL,'2021-05-24','Crediting Interest Income Account with Loan Intake fee','C','NC',7,'S001L1N11129','C',150,'SYSTEM','2021-05-24 16:59:52.228000','Y','SYSTEM','2021-05-24 16:59:52.228000','Y','N',1143),(105003,NULL,'KES',NULL,'2021-05-24','Debiting Customer Loan Account with Interest Demand Amount','C','NC',8,'S001L1N15101','D',9000,'SYSTEM','2021-05-24 16:59:52.228000','Y','SYSTEM','2021-05-24 16:59:52.228000','Y','N',1144),(105004,NULL,'KES',NULL,'2021-05-24','Crediting Loan Disbursement Table','C','NC',1,'S001L1N11127','C',3000,'SYSTEM','2021-05-24 17:18:21.890000','Y','SYSTEM','2021-05-24 17:18:21.890000','Y','N',1145),(105004,NULL,'KES',NULL,'2021-05-24','Crediting the Interest Income Account with Processing Fee','C','NC',2,'S001L1N11129','C',100,'SYSTEM','2021-05-24 17:18:21.890000','Y','SYSTEM','2021-05-24 17:18:21.890000','Y','N',1146),(105004,NULL,'KES',NULL,'2021-05-24','Debiting Customer Loan Account with the Loan Intake Fee','C','NC',3,'S001L1N15102','D',150,'SYSTEM','2021-05-24 17:18:21.890000','Y','SYSTEM','2021-05-24 17:18:21.890000','Y','N',1147),(105004,NULL,'KES',NULL,'2021-05-24','Crediting Interest Income Account with Loan Intake fee','C','NC',4,'S001L1N11129','C',150,'SYSTEM','2021-05-24 17:18:21.890000','Y','SYSTEM','2021-05-24 17:18:21.890000','Y','N',1148),(105004,NULL,'KES',NULL,'2021-05-24','Debiting Customer Loa Account with Principal Demand Amount','C','NC',5,'S001L1N15102','D',3000,'SYSTEM','2021-05-24 17:18:21.890000','Y','SYSTEM','2021-05-24 17:18:21.890000','Y','N',1149),(105004,NULL,'KES',NULL,'2021-05-24','Crediting Interest Accrual Account','C','NC',6,'S001L1N11130','C',9000,'SYSTEM','2021-05-24 17:18:21.890000','Y','SYSTEM','2021-05-24 17:18:21.890000','Y','N',1150),(105004,NULL,'KES',NULL,'2021-05-24','Debiting Customer Loan Account with Interest Demand Amount','C','NC',7,'S001L1N15102','D',9000,'SYSTEM','2021-05-24 17:18:21.890000','Y','SYSTEM','2021-05-24 17:18:21.890000','Y','N',1151),(105004,NULL,'KES',NULL,'2021-05-24','Debiting Customer Loan Account with Loan Processing fee','C','NC',8,'S001L1N15102','D',100,'SYSTEM','2021-05-24 17:18:21.890000','Y','SYSTEM','2021-05-24 17:18:21.890000','Y','N',1152),(106000,NULL,'KES',NULL,'2021-05-25','Crediting Interest Income Account with Loan Intake fee','C','NC',1,'S001L1N11129','C',150,'SYSTEM','2021-05-25 14:18:19.633000','Y','SYSTEM','2021-05-25 14:18:19.633000','Y','N',1153),(106000,NULL,'KES',NULL,'2021-05-25','Debiting Customer Loan Account with Interest Demand Amount','C','NC',2,'S001L1N16102','D',9000,'SYSTEM','2021-05-25 14:18:19.633000','Y','SYSTEM','2021-05-25 14:18:19.633000','Y','N',1154),(106000,NULL,'KES',NULL,'2021-05-25','Debiting Customer Loan Account with Loan Processing fee','C','NC',3,'S001L1N16102','D',100,'SYSTEM','2021-05-25 14:18:19.633000','Y','SYSTEM','2021-05-25 14:18:19.633000','Y','N',1155),(106000,NULL,'KES',NULL,'2021-05-25','Crediting Loan Disbursement Table','C','NC',4,'S001L1N11127','C',3000,'SYSTEM','2021-05-25 14:18:19.633000','Y','SYSTEM','2021-05-25 14:18:19.633000','Y','N',1156),(106000,NULL,'KES',NULL,'2021-05-25','Crediting Interest Accrual Account','C','NC',5,'S001L1N11130','C',9000,'SYSTEM','2021-05-25 14:18:19.633000','Y','SYSTEM','2021-05-25 14:18:19.633000','Y','N',1157),(106000,NULL,'KES',NULL,'2021-05-25','Debiting Customer Loan Account with the Loan Intake Fee','C','NC',6,'S001L1N16102','D',150,'SYSTEM','2021-05-25 14:18:19.633000','Y','SYSTEM','2021-05-25 14:18:19.633000','Y','N',1158),(106000,NULL,'KES',NULL,'2021-05-25','Debiting Customer Loa Account with Principal Demand Amount','C','NC',7,'S001L1N16102','D',3000,'SYSTEM','2021-05-25 14:18:19.633000','Y','SYSTEM','2021-05-25 14:18:19.633000','Y','N',1159),(106000,NULL,'KES',NULL,'2021-05-25','Crediting the Interest Income Account with Processing Fee','C','NC',8,'S001L1N11129','C',100,'SYSTEM','2021-05-25 14:18:19.633000','Y','SYSTEM','2021-05-25 14:18:19.633000','Y','N',1160),(105001,NULL,'KES',NULL,'2021-05-24','Debiting the Repayment Account with the Interest Demand repaid Amount','T','LR',1,'S001L1N11128','D',300,'1','2021-05-24 16:54:15.799000','Y','SYSTEM',NULL,'Y','N',1161),(105001,NULL,'KES',NULL,'2021-05-24','Debiting Interest Accrual Account with Interest Amount Repaid','T','LR',2,'S001L1N11130','D',300,'1','2021-05-24 16:54:15.799000','Y','SYSTEM',NULL,'Y','N',1162),(105001,NULL,'KES',NULL,'2021-05-24','Crediting Customer Loan Account with Principal Demand Repayment Amount','T','LR',3,'S001L1N11131','C',100,'1','2021-05-24 16:54:15.799000','Y','SYSTEM',NULL,'Y','N',1163),(105001,NULL,'KES',NULL,'2021-05-24','Crediting Customer Loan Account with the Interest Demand Repaid Amount','T','LR',4,'S001L1N11131','C',300,'1','2021-05-24 16:54:15.799000','Y','SYSTEM',NULL,'Y','N',1164),(105001,NULL,'KES',NULL,'2021-05-24','Crediting Interest Income Account with Interest Amount Repaid','T','LR',5,'S001L1N11129','C',300,'1','2021-05-24 16:54:15.799000','Y','SYSTEM',NULL,'Y','N',1165),(105001,NULL,'KES',NULL,'2021-05-24','Debiting the Repayment Account with the Principal Demand Amount','T','LR',6,'S001L1N11128','D',100,'1','2021-05-24 16:54:15.799000','Y','SYSTEM',NULL,'Y','N',1166),(105003,NULL,'KES',NULL,'2021-05-24','Crediting Loan Disbursement Table','C','NC',1,'S001L1N11127','C',3000,'SYSTEM','2021-05-24 16:59:52.228000','Y','SYSTEM','2021-05-24 16:59:52.228000','Y','N',1167),(105003,NULL,'KES',NULL,'2021-05-24','Crediting the Interest Income Account with Processing Fee','C','NC',2,'S001L1N11129','C',100,'SYSTEM','2021-05-24 16:59:52.228000','Y','SYSTEM','2021-05-24 16:59:52.228000','Y','N',1168),(105003,NULL,'KES',NULL,'2021-05-24','Debiting Customer Loan Account with Loan Processing fee','C','NC',3,'S001L1N15101','D',100,'SYSTEM','2021-05-24 16:59:52.228000','Y','SYSTEM','2021-05-24 16:59:52.228000','Y','N',1169),(105003,NULL,'KES',NULL,'2021-05-24','Debiting Customer Loa Account with Principal Demand Amount','C','NC',4,'S001L1N15101','D',3000,'SYSTEM','2021-05-24 16:59:52.228000','Y','SYSTEM','2021-05-24 16:59:52.228000','Y','N',1170),(105003,NULL,'KES',NULL,'2021-05-24','Crediting Interest Accrual Account','C','NC',5,'S001L1N11130','C',9000,'SYSTEM','2021-05-24 16:59:52.228000','Y','SYSTEM','2021-05-24 16:59:52.228000','Y','N',1171),(105003,NULL,'KES',NULL,'2021-05-24','Debiting Customer Loan Account with the Loan Intake Fee','C','NC',6,'S001L1N15101','D',150,'SYSTEM','2021-05-24 16:59:52.228000','Y','SYSTEM','2021-05-24 16:59:52.228000','Y','N',1172),(105003,NULL,'KES',NULL,'2021-05-24','Crediting Interest Income Account with Loan Intake fee','C','NC',7,'S001L1N11129','C',150,'SYSTEM','2021-05-24 16:59:52.228000','Y','SYSTEM','2021-05-24 16:59:52.228000','Y','N',1173),(105003,NULL,'KES',NULL,'2021-05-24','Debiting Customer Loan Account with Interest Demand Amount','C','NC',8,'S001L1N15101','D',9000,'SYSTEM','2021-05-24 16:59:52.228000','Y','SYSTEM','2021-05-24 16:59:52.228000','Y','N',1174),(105004,NULL,'KES',NULL,'2021-05-24','Crediting Loan Disbursement Table','C','NC',1,'S001L1N11127','C',3000,'SYSTEM','2021-05-24 17:18:21.890000','Y','SYSTEM','2021-05-24 17:18:21.890000','Y','N',1175),(105004,NULL,'KES',NULL,'2021-05-24','Crediting the Interest Income Account with Processing Fee','C','NC',2,'S001L1N11129','C',100,'SYSTEM','2021-05-24 17:18:21.890000','Y','SYSTEM','2021-05-24 17:18:21.890000','Y','N',1176),(105004,NULL,'KES',NULL,'2021-05-24','Debiting Customer Loan Account with the Loan Intake Fee','C','NC',3,'S001L1N15102','D',150,'SYSTEM','2021-05-24 17:18:21.890000','Y','SYSTEM','2021-05-24 17:18:21.890000','Y','N',1177),(105004,NULL,'KES',NULL,'2021-05-24','Crediting Interest Income Account with Loan Intake fee','C','NC',4,'S001L1N11129','C',150,'SYSTEM','2021-05-24 17:18:21.890000','Y','SYSTEM','2021-05-24 17:18:21.890000','Y','N',1178),(105004,NULL,'KES',NULL,'2021-05-24','Debiting Customer Loa Account with Principal Demand Amount','C','NC',5,'S001L1N15102','D',3000,'SYSTEM','2021-05-24 17:18:21.890000','Y','SYSTEM','2021-05-24 17:18:21.890000','Y','N',1179),(105004,NULL,'KES',NULL,'2021-05-24','Crediting Interest Accrual Account','C','NC',6,'S001L1N11130','C',9000,'SYSTEM','2021-05-24 17:18:21.890000','Y','SYSTEM','2021-05-24 17:18:21.890000','Y','N',1180),(105004,NULL,'KES',NULL,'2021-05-24','Debiting Customer Loan Account with Interest Demand Amount','C','NC',7,'S001L1N15102','D',9000,'SYSTEM','2021-05-24 17:18:21.890000','Y','SYSTEM','2021-05-24 17:18:21.890000','Y','N',1181),(105004,NULL,'KES',NULL,'2021-05-24','Debiting Customer Loan Account with Loan Processing fee','C','NC',8,'S001L1N15102','D',100,'SYSTEM','2021-05-24 17:18:21.890000','Y','SYSTEM','2021-05-24 17:18:21.890000','Y','N',1182),(106000,NULL,'KES',NULL,'2021-05-25','Crediting Interest Income Account with Loan Intake fee','C','NC',1,'S001L1N11129','C',150,'SYSTEM','2021-05-25 14:18:19.633000','Y','SYSTEM','2021-05-25 14:18:19.633000','Y','N',1183),(106000,NULL,'KES',NULL,'2021-05-25','Debiting Customer Loan Account with Interest Demand Amount','C','NC',2,'S001L1N16102','D',9000,'SYSTEM','2021-05-25 14:18:19.633000','Y','SYSTEM','2021-05-25 14:18:19.633000','Y','N',1184),(106000,NULL,'KES',NULL,'2021-05-25','Debiting Customer Loan Account with Loan Processing fee','C','NC',3,'S001L1N16102','D',100,'SYSTEM','2021-05-25 14:18:19.633000','Y','SYSTEM','2021-05-25 14:18:19.633000','Y','N',1185),(106000,NULL,'KES',NULL,'2021-05-25','Crediting Loan Disbursement Table','C','NC',4,'S001L1N11127','C',3000,'SYSTEM','2021-05-25 14:18:19.633000','Y','SYSTEM','2021-05-25 14:18:19.633000','Y','N',1186),(106000,NULL,'KES',NULL,'2021-05-25','Crediting Interest Accrual Account','C','NC',5,'S001L1N11130','C',9000,'SYSTEM','2021-05-25 14:18:19.633000','Y','SYSTEM','2021-05-25 14:18:19.633000','Y','N',1187),(106000,NULL,'KES',NULL,'2021-05-25','Debiting Customer Loan Account with the Loan Intake Fee','C','NC',6,'S001L1N16102','D',150,'SYSTEM','2021-05-25 14:18:19.633000','Y','SYSTEM','2021-05-25 14:18:19.633000','Y','N',1188),(106000,NULL,'KES',NULL,'2021-05-25','Debiting Customer Loa Account with Principal Demand Amount','C','NC',7,'S001L1N16102','D',3000,'SYSTEM','2021-05-25 14:18:19.633000','Y','SYSTEM','2021-05-25 14:18:19.633000','Y','N',1189),(106000,NULL,'KES',NULL,'2021-05-25','Crediting the Interest Income Account with Processing Fee','C','NC',8,'S001L1N11129','C',100,'SYSTEM','2021-05-25 14:18:19.633000','Y','SYSTEM','2021-05-25 14:18:19.633000','Y','N',1190),(105001,NULL,'KES',NULL,'2021-05-24','Debiting the Repayment Account with the Interest Demand repaid Amount','T','LR',1,'S001L1N11128','D',300,'1','2021-05-24 16:54:15.799000','Y','SYSTEM',NULL,'Y','N',1191),(105001,NULL,'KES',NULL,'2021-05-24','Debiting Interest Accrual Account with Interest Amount Repaid','T','LR',2,'S001L1N11130','D',300,'1','2021-05-24 16:54:15.799000','Y','SYSTEM',NULL,'Y','N',1192),(105001,NULL,'KES',NULL,'2021-05-24','Crediting Customer Loan Account with Principal Demand Repayment Amount','T','LR',3,'S001L1N11131','C',100,'1','2021-05-24 16:54:15.799000','Y','SYSTEM',NULL,'Y','N',1193),(105001,NULL,'KES',NULL,'2021-05-24','Crediting Customer Loan Account with the Interest Demand Repaid Amount','T','LR',4,'S001L1N11131','C',300,'1','2021-05-24 16:54:15.799000','Y','SYSTEM',NULL,'Y','N',1194),(105001,NULL,'KES',NULL,'2021-05-24','Crediting Interest Income Account with Interest Amount Repaid','T','LR',5,'S001L1N11129','C',300,'1','2021-05-24 16:54:15.799000','Y','SYSTEM',NULL,'Y','N',1195),(105001,NULL,'KES',NULL,'2021-05-24','Debiting the Repayment Account with the Principal Demand Amount','T','LR',6,'S001L1N11128','D',100,'1','2021-05-24 16:54:15.799000','Y','SYSTEM',NULL,'Y','N',1196),(105003,NULL,'KES',NULL,'2021-05-24','Crediting Loan Disbursement Table','C','NC',1,'S001L1N11127','C',3000,'SYSTEM','2021-05-24 16:59:52.228000','Y','SYSTEM','2021-05-24 16:59:52.228000','Y','N',1197),(105003,NULL,'KES',NULL,'2021-05-24','Crediting the Interest Income Account with Processing Fee','C','NC',2,'S001L1N11129','C',100,'SYSTEM','2021-05-24 16:59:52.228000','Y','SYSTEM','2021-05-24 16:59:52.228000','Y','N',1198),(105003,NULL,'KES',NULL,'2021-05-24','Debiting Customer Loan Account with Loan Processing fee','C','NC',3,'S001L1N15101','D',100,'SYSTEM','2021-05-24 16:59:52.228000','Y','SYSTEM','2021-05-24 16:59:52.228000','Y','N',1199),(105003,NULL,'KES',NULL,'2021-05-24','Debiting Customer Loa Account with Principal Demand Amount','C','NC',4,'S001L1N15101','D',3000,'SYSTEM','2021-05-24 16:59:52.228000','Y','SYSTEM','2021-05-24 16:59:52.228000','Y','N',1200),(105003,NULL,'KES',NULL,'2021-05-24','Crediting Interest Accrual Account','C','NC',5,'S001L1N11130','C',9000,'SYSTEM','2021-05-24 16:59:52.228000','Y','SYSTEM','2021-05-24 16:59:52.228000','Y','N',1201),(105003,NULL,'KES',NULL,'2021-05-24','Debiting Customer Loan Account with the Loan Intake Fee','C','NC',6,'S001L1N15101','D',150,'SYSTEM','2021-05-24 16:59:52.228000','Y','SYSTEM','2021-05-24 16:59:52.228000','Y','N',1202),(105003,NULL,'KES',NULL,'2021-05-24','Crediting Interest Income Account with Loan Intake fee','C','NC',7,'S001L1N11129','C',150,'SYSTEM','2021-05-24 16:59:52.228000','Y','SYSTEM','2021-05-24 16:59:52.228000','Y','N',1203),(105003,NULL,'KES',NULL,'2021-05-24','Debiting Customer Loan Account with Interest Demand Amount','C','NC',8,'S001L1N15101','D',9000,'SYSTEM','2021-05-24 16:59:52.228000','Y','SYSTEM','2021-05-24 16:59:52.228000','Y','N',1204),(105004,NULL,'KES',NULL,'2021-05-24','Crediting Loan Disbursement Table','C','NC',1,'S001L1N11127','C',3000,'SYSTEM','2021-05-24 17:18:21.890000','Y','SYSTEM','2021-05-24 17:18:21.890000','Y','N',1205),(105004,NULL,'KES',NULL,'2021-05-24','Crediting the Interest Income Account with Processing Fee','C','NC',2,'S001L1N11129','C',100,'SYSTEM','2021-05-24 17:18:21.890000','Y','SYSTEM','2021-05-24 17:18:21.890000','Y','N',1206),(105004,NULL,'KES',NULL,'2021-05-24','Debiting Customer Loan Account with the Loan Intake Fee','C','NC',3,'S001L1N15102','D',150,'SYSTEM','2021-05-24 17:18:21.890000','Y','SYSTEM','2021-05-24 17:18:21.890000','Y','N',1207),(105004,NULL,'KES',NULL,'2021-05-24','Crediting Interest Income Account with Loan Intake fee','C','NC',4,'S001L1N11129','C',150,'SYSTEM','2021-05-24 17:18:21.890000','Y','SYSTEM','2021-05-24 17:18:21.890000','Y','N',1208),(105004,NULL,'KES',NULL,'2021-05-24','Debiting Customer Loa Account with Principal Demand Amount','C','NC',5,'S001L1N15102','D',3000,'SYSTEM','2021-05-24 17:18:21.890000','Y','SYSTEM','2021-05-24 17:18:21.890000','Y','N',1209),(105004,NULL,'KES',NULL,'2021-05-24','Crediting Interest Accrual Account','C','NC',6,'S001L1N11130','C',9000,'SYSTEM','2021-05-24 17:18:21.890000','Y','SYSTEM','2021-05-24 17:18:21.890000','Y','N',1210),(105004,NULL,'KES',NULL,'2021-05-24','Debiting Customer Loan Account with Interest Demand Amount','C','NC',7,'S001L1N15102','D',9000,'SYSTEM','2021-05-24 17:18:21.890000','Y','SYSTEM','2021-05-24 17:18:21.890000','Y','N',1211),(105004,NULL,'KES',NULL,'2021-05-24','Debiting Customer Loan Account with Loan Processing fee','C','NC',8,'S001L1N15102','D',100,'SYSTEM','2021-05-24 17:18:21.890000','Y','SYSTEM','2021-05-24 17:18:21.890000','Y','N',1212),(106000,NULL,'KES',NULL,'2021-05-25','Crediting Interest Income Account with Loan Intake fee','C','NC',1,'S001L1N11129','C',150,'SYSTEM','2021-05-25 14:18:19.633000','Y','SYSTEM','2021-05-25 14:18:19.633000','Y','N',1213),(106000,NULL,'KES',NULL,'2021-05-25','Debiting Customer Loan Account with Interest Demand Amount','C','NC',2,'S001L1N16102','D',9000,'SYSTEM','2021-05-25 14:18:19.633000','Y','SYSTEM','2021-05-25 14:18:19.633000','Y','N',1214),(106000,NULL,'KES',NULL,'2021-05-25','Debiting Customer Loan Account with Loan Processing fee','C','NC',3,'S001L1N16102','D',100,'SYSTEM','2021-05-25 14:18:19.633000','Y','SYSTEM','2021-05-25 14:18:19.633000','Y','N',1215),(106000,NULL,'KES',NULL,'2021-05-25','Crediting Loan Disbursement Table','C','NC',4,'S001L1N11127','C',3000,'SYSTEM','2021-05-25 14:18:19.633000','Y','SYSTEM','2021-05-25 14:18:19.633000','Y','N',1216),(106000,NULL,'KES',NULL,'2021-05-25','Crediting Interest Accrual Account','C','NC',5,'S001L1N11130','C',9000,'SYSTEM','2021-05-25 14:18:19.633000','Y','SYSTEM','2021-05-25 14:18:19.633000','Y','N',1217),(106000,NULL,'KES',NULL,'2021-05-25','Debiting Customer Loan Account with the Loan Intake Fee','C','NC',6,'S001L1N16102','D',150,'SYSTEM','2021-05-25 14:18:19.633000','Y','SYSTEM','2021-05-25 14:18:19.633000','Y','N',1218),(106000,NULL,'KES',NULL,'2021-05-25','Debiting Customer Loa Account with Principal Demand Amount','C','NC',7,'S001L1N16102','D',3000,'SYSTEM','2021-05-25 14:18:19.633000','Y','SYSTEM','2021-05-25 14:18:19.633000','Y','N',1219),(106000,NULL,'KES',NULL,'2021-05-25','Crediting the Interest Income Account with Processing Fee','C','NC',8,'S001L1N11129','C',100,'SYSTEM','2021-05-25 14:18:19.633000','Y','SYSTEM','2021-05-25 14:18:19.633000','Y','N',1220),(106001,NULL,'KES',NULL,'2021-05-25','Crediting Customer Loan Account with the Interest Demand Repaid Amount','T','LR',1,'S001L1N11131','C',300,'1','2021-05-25 17:50:01.301000','Y','SYSTEM',NULL,'Y','N',1221),(106001,NULL,'KES',NULL,'2021-05-25','Crediting Customer Loan Account with Principal Demand Repayment Amount','T','LR',2,'S001L1N11131','C',100,'1','2021-05-25 17:50:01.301000','Y','SYSTEM',NULL,'Y','N',1222),(106001,NULL,'KES',NULL,'2021-05-25','Debiting the Repayment Account with the Principal Demand Amount','T','LR',3,'S001L1N11128','D',100,'1','2021-05-25 17:50:01.301000','Y','SYSTEM',NULL,'Y','N',1223),(106001,NULL,'KES',NULL,'2021-05-25','Crediting Interest Income Account with Interest Amount Repaid','T','LR',4,'S001L1N11129','C',300,'1','2021-05-25 17:50:01.301000','Y','SYSTEM',NULL,'Y','N',1224),(106001,NULL,'KES',NULL,'2021-05-25','Account Deposit','T','LR',5,'S001GSH15103','C',1000,'1','2021-05-25 17:50:01.301000','Y','SYSTEM',NULL,'Y','N',1225),(106001,NULL,'KES',NULL,'2021-05-25','Debiting Interest Accrual Account with Interest Amount Repaid','T','LR',6,'S001L1N11130','D',300,'1','2021-05-25 17:50:01.301000','Y','SYSTEM',NULL,'Y','N',1226),(106001,NULL,'KES',NULL,'2021-05-25','Debiting the Repayment Account with the Interest Demand repaid Amount','T','LR',7,'S001L1N11128','D',300,'1','2021-05-25 17:50:01.301000','Y','SYSTEM',NULL,'Y','N',1227),(106001,NULL,'KES',NULL,'2021-05-25','Account Deposit','T','LR',8,'S001GSH15103','D',1000,'1','2021-05-25 17:50:01.301000','Y','SYSTEM',NULL,'Y','N',1228),(106001,NULL,'KES',NULL,'2021-05-25','Account Deposit','T','LR',9,'S001L1N11127','D',1000,'1','2021-05-25 17:50:01.301000','Y','SYSTEM',NULL,'Y','N',1229),(106001,NULL,'KES',NULL,'2021-05-25','Account Deposit','T','LR',10,'S001L1N11131','C',1000,'1','2021-05-25 17:50:01.301000','Y','SYSTEM',NULL,'Y','N',1230),(106002,NULL,'KES',NULL,'2021-05-25','Account Deposit','T','LR',1,'S001GSH15103','D',1000,'1','2021-05-25 17:51:00.790000','Y','SYSTEM',NULL,'Y','N',1231),(106002,NULL,'KES',NULL,'2021-05-25','Account Deposit','T','LR',2,'S002GSH16101','C',1000,'1','2021-05-25 17:51:00.790000','Y','SYSTEM',NULL,'Y','N',1232),(106002,NULL,'KES',NULL,'2021-05-25','Account Deposit','T','LR',3,'S001L1N11127','D',1000,'1','2021-05-25 17:51:00.790000','Y','SYSTEM',NULL,'Y','N',1233),(106002,NULL,'KES',NULL,'2021-05-25','Account Deposit','T','LR',4,'S001L1N11131','C',1000,'1','2021-05-25 17:51:00.790000','Y','SYSTEM',NULL,'Y','N',1234);
/*!40000 ALTER TABLE `transactions_history` ENABLE KEYS */;
UNLOCK TABLES;
/*!40103 SET TIME_ZONE=@OLD_TIME_ZONE */;

/*!40101 SET SQL_MODE=@OLD_SQL_MODE */;
/*!40014 SET FOREIGN_KEY_CHECKS=@OLD_FOREIGN_KEY_CHECKS */;
/*!40014 SET UNIQUE_CHECKS=@OLD_UNIQUE_CHECKS */;
/*!40101 SET CHARACTER_SET_CLIENT=@OLD_CHARACTER_SET_CLIENT */;
/*!40101 SET CHARACTER_SET_RESULTS=@OLD_CHARACTER_SET_RESULTS */;
/*!40101 SET COLLATION_CONNECTION=@OLD_COLLATION_CONNECTION */;
/*!40111 SET SQL_NOTES=@OLD_SQL_NOTES */;

-- Dump completed on 2021-06-24  8:57:27
